<?xml version = '1.0' encoding = 'UTF-8'?>
<FKIndexAssociation class="oracle.dbtools.crest.model.design.relational.FKIndexAssociation" directorySegmentName="seg_0" id="1215DA32-258D-6CA4-A042-69084BBCC834" containerWithKeyObject="797AEDE0-9537-8A8C-B98F-AEEE5D421002" localFKIndex="306FD9ED-4356-AD92-3B7A-E18FC680B6D8" name="Relation_10_Users_FK">
<createdBy>bayua</createdBy>
<createdTime>2024-05-29 08:14:03 UTC</createdTime>
<generatorID>B56E9B3E-028B-F161-1FE6-DBE741054D39</generatorID>
<ownerDesignName>C4ISR System Database Concept with Human Machine Collaboration for Dual-Purpose</ownerDesignName>
<referredTableLongName>Users</referredTableLongName>
<deleteRule>NO ACTION</deleteRule>
<referredTableID>D6499C77-685A-5038-5825-39FE8E903C1E</referredTableID>
<keyObject>9DEF3978-08C4-052D-D587-A561670E877E</keyObject>
<referredKeyID>9DEF3978-08C4-052D-D587-A561670E877E</referredKeyID>
<mandatory>true</mandatory>
<refColNames>user_id</refColNames>
<transferable>true</transferable>
<rely>false</rely>
<columnDependencyConstraintGenerateInDDL>true</columnDependencyConstraintGenerateInDDL>
</FKIndexAssociation>
