<?xml version = '1.0' encoding = 'UTF-8'?>
<FKIndexAssociation class="oracle.dbtools.crest.model.design.relational.FKIndexAssociation" directorySegmentName="seg_0" id="39BAA7C3-F898-AAC8-5785-E4992E2E0DD7" containerWithKeyObject="D16C4907-1DF2-E2CC-9189-27B3B0C11DB3" localFKIndex="5D986602-2E42-BA93-DB03-ECE980806B92" name="Air_Communication_Log_FK">
<createdBy>bayua</createdBy>
<createdTime>2024-05-29 08:14:03 UTC</createdTime>
<generatorID>0E100A81-64DD-D9C7-966B-8868CE616324</generatorID>
<ownerDesignName>C4ISR System Database Concept with Human Machine Collaboration for Dual-Purpose</ownerDesignName>
<referredTableLongName>Communication_Log</referredTableLongName>
<arc>A6E78F1E-D498-B0A8-6963-724819C4D418</arc>
<deleteRule>NO ACTION</deleteRule>
<referredTableID>7723B3BB-5BAB-3B05-A14F-4A6BD3556AB1</referredTableID>
<keyObject>C974C91D-7C9F-A9A1-B167-85119B728084</keyObject>
<referredKeyID>C974C91D-7C9F-A9A1-B167-85119B728084</referredKeyID>
<mandatory>true</mandatory>
<refColNames>comm_id</refColNames>
<transferable>true</transferable>
<rely>false</rely>
<columnDependencyConstraintGenerateInDDL>true</columnDependencyConstraintGenerateInDDL>
</FKIndexAssociation>
