<?xml version = '1.0' encoding = 'UTF-8'?>
<FKIndexAssociation class="oracle.dbtools.crest.model.design.relational.FKIndexAssociation" directorySegmentName="seg_0" id="4C276E2D-5018-A687-DB7F-4AFAA3FBFEB4" containerWithKeyObject="711A6154-EFED-8737-D650-B58F975CB320" localFKIndex="3A8E4407-D81F-6F6E-85F4-9A034A9A8130" name="Relation_11_Personnel_FK">
<createdBy>bayua</createdBy>
<createdTime>2024-05-29 08:14:03 UTC</createdTime>
<generatorID>3C5BB3DB-81AE-F551-57F8-FC7C43275143</generatorID>
<ownerDesignName>C4ISR System Database Concept with Human Machine Collaboration for Dual-Purpose</ownerDesignName>
<referredTableLongName>Personnel</referredTableLongName>
<deleteRule>NO ACTION</deleteRule>
<referredTableID>D7CAC77E-6C7C-93E2-1B22-10B3C822BA52</referredTableID>
<keyObject>A4F0D083-EF68-5C53-E49D-44C872F1FDE6</keyObject>
<referredKeyID>A4F0D083-EF68-5C53-E49D-44C872F1FDE6</referredKeyID>
<mandatory>true</mandatory>
<refColNames>personnel_id</refColNames>
<transferable>true</transferable>
<rely>false</rely>
<columnDependencyConstraintGenerateInDDL>true</columnDependencyConstraintGenerateInDDL>
</FKIndexAssociation>
