<?xml version = '1.0' encoding = 'UTF-8'?>
<FKIndexAssociation class="oracle.dbtools.crest.model.design.relational.FKIndexAssociation" directorySegmentName="seg_0" id="4ECDB16F-3C3A-C1E7-614C-9F23FB0D3010" containerWithKeyObject="85D32833-1233-7AD4-488A-2CEE0B6A4063" localFKIndex="CD00893E-0A5E-C4B3-8521-5421C763B5F5" name="Maintenance_Logs_Personnel_FK">
<createdBy>bayua</createdBy>
<createdTime>2024-05-29 08:14:03 UTC</createdTime>
<generatorID>15E013CF-2117-A863-25AD-D83571FF6494</generatorID>
<ownerDesignName>C4ISR System Database Concept with Human Machine Collaboration for Dual-Purpose</ownerDesignName>
<referredTableLongName>Personnel</referredTableLongName>
<deleteRule>NO ACTION</deleteRule>
<referredTableID>D7CAC77E-6C7C-93E2-1B22-10B3C822BA52</referredTableID>
<keyObject>A4F0D083-EF68-5C53-E49D-44C872F1FDE6</keyObject>
<referredKeyID>A4F0D083-EF68-5C53-E49D-44C872F1FDE6</referredKeyID>
<mandatory>true</mandatory>
<refColNames>personnel_id</refColNames>
<transferable>true</transferable>
<rely>false</rely>
<columnDependencyConstraintGenerateInDDL>true</columnDependencyConstraintGenerateInDDL>
</FKIndexAssociation>
