<?xml version = '1.0' encoding = 'UTF-8'?>
<FKIndexAssociation class="oracle.dbtools.crest.model.design.relational.FKIndexAssociation" directorySegmentName="seg_0" id="55212BF5-A732-7A43-B025-63AA98AF7882" containerWithKeyObject="A9B96F49-4486-38BE-D2BF-42163BFFF8AA" localFKIndex="DC34D1C2-5D6B-E5EF-F656-4F43DB5318E8" name="Equipment_Sensors_FK">
<createdBy>bayua</createdBy>
<createdTime>2024-05-29 08:14:03 UTC</createdTime>
<generatorID>E1D7A48F-751C-A31F-317E-B9BDA49C5EFA</generatorID>
<ownerDesignName>C4ISR System Database Concept with Human Machine Collaboration for Dual-Purpose</ownerDesignName>
<referredTableLongName>Sensors</referredTableLongName>
<deleteRule>NO ACTION</deleteRule>
<referredTableID>8D5BEAF8-FE81-2255-DDB5-F37EE287B334</referredTableID>
<keyObject>4C156D58-913B-C65B-2BFD-73193EDEC3BF</keyObject>
<referredKeyID>4C156D58-913B-C65B-2BFD-73193EDEC3BF</referredKeyID>
<mandatory>true</mandatory>
<refColNames>sensor_id</refColNames>
<transferable>true</transferable>
<rely>false</rely>
<columnDependencyConstraintGenerateInDDL>true</columnDependencyConstraintGenerateInDDL>
</FKIndexAssociation>
