<?xml version = '1.0' encoding = 'UTF-8'?>
<FKIndexAssociation class="oracle.dbtools.crest.model.design.relational.FKIndexAssociation" directorySegmentName="seg_0" id="5950DBD3-6FF5-258D-0CA9-925AD7AB04C5" containerWithKeyObject="6B098B89-F73D-246A-B7E6-6A314D5BB445" localFKIndex="4E823987-D757-44DF-B4A9-41D877035CF8" name="Officer_personnel_Personnel_FK">
<createdBy>bayua</createdBy>
<createdTime>2024-05-29 08:14:03 UTC</createdTime>
<generatorID>4589B902-0B57-DA76-D2C3-469E59C39A28</generatorID>
<ownerDesignName>C4ISR System Database Concept with Human Machine Collaboration for Dual-Purpose</ownerDesignName>
<referredTableLongName>Personnel</referredTableLongName>
<arc>609A86F0-22E6-A3CC-F7A5-B92D2B035E1F</arc>
<deleteRule>NO ACTION</deleteRule>
<referredTableID>D7CAC77E-6C7C-93E2-1B22-10B3C822BA52</referredTableID>
<keyObject>A4F0D083-EF68-5C53-E49D-44C872F1FDE6</keyObject>
<referredKeyID>A4F0D083-EF68-5C53-E49D-44C872F1FDE6</referredKeyID>
<mandatory>true</mandatory>
<refColNames>personnel_id</refColNames>
<transferable>true</transferable>
<rely>false</rely>
<columnDependencyConstraintGenerateInDDL>true</columnDependencyConstraintGenerateInDDL>
</FKIndexAssociation>
