<?xml version = '1.0' encoding = 'UTF-8'?>
<FKIndexAssociation class="oracle.dbtools.crest.model.design.relational.FKIndexAssociation" directorySegmentName="seg_0" id="73B630BE-BF22-1CDF-2AA0-553CCC893534" containerWithKeyObject="A35F42B9-2F25-82FA-2CD0-8A1A6FEC33A2" localFKIndex="D11580FB-640B-4868-225A-B83EEAB96863" name="Sea_Communication_Log_FK">
<createdBy>bayua</createdBy>
<createdTime>2024-05-29 08:14:03 UTC</createdTime>
<generatorID>8098CD6E-295D-636B-265D-D111E5DD0081</generatorID>
<ownerDesignName>C4ISR System Database Concept with Human Machine Collaboration for Dual-Purpose</ownerDesignName>
<referredTableLongName>Communication_Log</referredTableLongName>
<arc>A6E78F1E-D498-B0A8-6963-724819C4D418</arc>
<deleteRule>NO ACTION</deleteRule>
<referredTableID>7723B3BB-5BAB-3B05-A14F-4A6BD3556AB1</referredTableID>
<keyObject>C974C91D-7C9F-A9A1-B167-85119B728084</keyObject>
<referredKeyID>C974C91D-7C9F-A9A1-B167-85119B728084</referredKeyID>
<mandatory>true</mandatory>
<refColNames>comm_id</refColNames>
<transferable>true</transferable>
<rely>false</rely>
<columnDependencyConstraintGenerateInDDL>true</columnDependencyConstraintGenerateInDDL>
</FKIndexAssociation>
