<?xml version = '1.0' encoding = 'UTF-8'?>
<FKIndexAssociation class="oracle.dbtools.crest.model.design.relational.FKIndexAssociation" directorySegmentName="seg_0" id="78F1A8FF-DA1C-39FD-F235-8BC1B2F6D54C" containerWithKeyObject="0A496386-AD64-DBD3-85D2-848FED25E645" localFKIndex="7DB3442C-803A-260F-86AA-8085B77E39E7" name="Land_Communication_Log_FK">
<createdBy>bayua</createdBy>
<createdTime>2024-05-29 08:14:03 UTC</createdTime>
<generatorID>8A2E69B2-5D9F-8EA4-E067-44091151B8EC</generatorID>
<ownerDesignName>C4ISR System Database Concept with Human Machine Collaboration for Dual-Purpose</ownerDesignName>
<referredTableLongName>Communication_Log</referredTableLongName>
<arc>A6E78F1E-D498-B0A8-6963-724819C4D418</arc>
<deleteRule>NO ACTION</deleteRule>
<referredTableID>7723B3BB-5BAB-3B05-A14F-4A6BD3556AB1</referredTableID>
<keyObject>C974C91D-7C9F-A9A1-B167-85119B728084</keyObject>
<referredKeyID>C974C91D-7C9F-A9A1-B167-85119B728084</referredKeyID>
<mandatory>true</mandatory>
<refColNames>comm_id</refColNames>
<transferable>true</transferable>
<rely>false</rely>
<columnDependencyConstraintGenerateInDDL>true</columnDependencyConstraintGenerateInDDL>
</FKIndexAssociation>
