<?xml version = '1.0' encoding = 'UTF-8'?>
<FKIndexAssociation class="oracle.dbtools.crest.model.design.relational.FKIndexAssociation" directorySegmentName="seg_0" id="7E89CFCF-2E0A-3A73-543C-4AF070AD2F13" containerWithKeyObject="69222691-87C8-9DAE-2B8D-6E99248C204B" localFKIndex="89F134D4-4A78-38E5-A755-4BE9470E9A67" name="Space_Communication_Log_FK">
<createdBy>bayua</createdBy>
<createdTime>2024-05-29 08:14:03 UTC</createdTime>
<generatorID>A678CEF4-265F-B1E9-C32B-DD7B8ECD954B</generatorID>
<ownerDesignName>C4ISR System Database Concept with Human Machine Collaboration for Dual-Purpose</ownerDesignName>
<referredTableLongName>Communication_Log</referredTableLongName>
<arc>A6E78F1E-D498-B0A8-6963-724819C4D418</arc>
<deleteRule>NO ACTION</deleteRule>
<referredTableID>7723B3BB-5BAB-3B05-A14F-4A6BD3556AB1</referredTableID>
<keyObject>C974C91D-7C9F-A9A1-B167-85119B728084</keyObject>
<referredKeyID>C974C91D-7C9F-A9A1-B167-85119B728084</referredKeyID>
<mandatory>true</mandatory>
<refColNames>comm_id</refColNames>
<transferable>true</transferable>
<rely>false</rely>
<columnDependencyConstraintGenerateInDDL>true</columnDependencyConstraintGenerateInDDL>
</FKIndexAssociation>
