<?xml version = '1.0' encoding = 'UTF-8'?>
<FKIndexAssociation class="oracle.dbtools.crest.model.design.relational.FKIndexAssociation" directorySegmentName="seg_0" id="7F56D73B-3B3F-9F89-834C-7AFD17386C9D" containerWithKeyObject="711A6154-EFED-8737-D650-B58F975CB320" localFKIndex="AABA34E9-1FB6-2A61-40E7-612E54AA1170" name="Relation_11_Platforms_FK">
<createdBy>bayua</createdBy>
<createdTime>2024-05-29 08:14:03 UTC</createdTime>
<generatorID>3C5BB3DB-81AE-F551-57F8-FC7C43275143</generatorID>
<ownerDesignName>C4ISR System Database Concept with Human Machine Collaboration for Dual-Purpose</ownerDesignName>
<referredTableLongName>Platforms</referredTableLongName>
<deleteRule>NO ACTION</deleteRule>
<referredTableID>41E1186B-F086-43DD-81E4-0E625698B541</referredTableID>
<keyObject>74CC0DF1-DBEF-1591-F867-BF1C47BCB331</keyObject>
<referredKeyID>74CC0DF1-DBEF-1591-F867-BF1C47BCB331</referredKeyID>
<mandatory>true</mandatory>
<refColNames>platform_id</refColNames>
<transferable>true</transferable>
<rely>false</rely>
<columnDependencyConstraintGenerateInDDL>true</columnDependencyConstraintGenerateInDDL>
</FKIndexAssociation>
