<?xml version = '1.0' encoding = 'UTF-8'?>
<FKIndexAssociation class="oracle.dbtools.crest.model.design.relational.FKIndexAssociation" directorySegmentName="seg_0" id="8101670E-6FC6-D64D-ABE5-FC3897493D2E" containerWithKeyObject="BD236925-CE0D-551B-EAC7-0B5B9895F093" localFKIndex="AAE053A9-B58B-EF72-65D2-57DD6C866F6C" name="Relation_9_Sensors_FK">
<createdBy>bayua</createdBy>
<createdTime>2024-05-29 08:14:03 UTC</createdTime>
<generatorID>854AB7CA-818A-6906-F149-08D8E02B8218</generatorID>
<ownerDesignName>C4ISR System Database Concept with Human Machine Collaboration for Dual-Purpose</ownerDesignName>
<referredTableLongName>Sensors</referredTableLongName>
<deleteRule>NO ACTION</deleteRule>
<referredTableID>8D5BEAF8-FE81-2255-DDB5-F37EE287B334</referredTableID>
<keyObject>4C156D58-913B-C65B-2BFD-73193EDEC3BF</keyObject>
<referredKeyID>4C156D58-913B-C65B-2BFD-73193EDEC3BF</referredKeyID>
<mandatory>true</mandatory>
<refColNames>sensor_id</refColNames>
<transferable>true</transferable>
<rely>false</rely>
<columnDependencyConstraintGenerateInDDL>true</columnDependencyConstraintGenerateInDDL>
</FKIndexAssociation>
