<?xml version = '1.0' encoding = 'UTF-8'?>
<FKIndexAssociation class="oracle.dbtools.crest.model.design.relational.FKIndexAssociation" directorySegmentName="seg_0" id="88D57B4B-1923-0BE2-F004-65FBACAED400" containerWithKeyObject="41E1186B-F086-43DD-81E4-0E625698B541" localFKIndex="6DE38F60-0682-437E-3926-A8DC0511C141" name="Platforms_Missions_FK">
<createdBy>bayua</createdBy>
<createdTime>2024-05-29 08:14:03 UTC</createdTime>
<generatorID>11E3D2FD-9ACF-4C28-683B-D72E35B4D03F</generatorID>
<ownerDesignName>C4ISR System Database Concept with Human Machine Collaboration for Dual-Purpose</ownerDesignName>
<referredTableLongName>Missions</referredTableLongName>
<deleteRule>NO ACTION</deleteRule>
<referredTableID>B0D34301-2B3C-DB02-DFD5-6BAD9E6CB27E</referredTableID>
<keyObject>A19FCB09-FA1A-B819-12E2-9023FD935ABD</keyObject>
<referredKeyID>A19FCB09-FA1A-B819-12E2-9023FD935ABD</referredKeyID>
<mandatory>true</mandatory>
<refColNames>mission_id</refColNames>
<transferable>true</transferable>
<rely>false</rely>
<columnDependencyConstraintGenerateInDDL>true</columnDependencyConstraintGenerateInDDL>
</FKIndexAssociation>
