<?xml version = '1.0' encoding = 'UTF-8'?>
<FKIndexAssociation class="oracle.dbtools.crest.model.design.relational.FKIndexAssociation" directorySegmentName="seg_0" id="9FD4BDE8-A3EA-A020-CC19-B7EFC242DEAC" containerWithKeyObject="BD236925-CE0D-551B-EAC7-0B5B9895F093" localFKIndex="772E6A2B-D546-28C8-ABDD-1D1D1915DA92" name="Relation_9_Users_FK">
<createdBy>bayua</createdBy>
<createdTime>2024-05-29 08:14:03 UTC</createdTime>
<generatorID>854AB7CA-818A-6906-F149-08D8E02B8218</generatorID>
<ownerDesignName>C4ISR System Database Concept with Human Machine Collaboration for Dual-Purpose</ownerDesignName>
<referredTableLongName>Users</referredTableLongName>
<deleteRule>NO ACTION</deleteRule>
<referredTableID>D6499C77-685A-5038-5825-39FE8E903C1E</referredTableID>
<keyObject>9DEF3978-08C4-052D-D587-A561670E877E</keyObject>
<referredKeyID>9DEF3978-08C4-052D-D587-A561670E877E</referredKeyID>
<mandatory>true</mandatory>
<refColNames>user_id</refColNames>
<transferable>true</transferable>
<rely>false</rely>
<columnDependencyConstraintGenerateInDDL>true</columnDependencyConstraintGenerateInDDL>
</FKIndexAssociation>
