<?xml version = '1.0' encoding = 'UTF-8'?>
<FKIndexAssociation class="oracle.dbtools.crest.model.design.relational.FKIndexAssociation" directorySegmentName="seg_0" id="B20CE79F-F5F0-E751-5A39-020EFD5387AD" containerWithKeyObject="B3545230-A748-3786-0CE9-64CD9466708B" localFKIndex="EA67E073-3596-FF38-792F-9756155AE2FF" name="Assignments_Personnel_FK">
<createdBy>bayua</createdBy>
<createdTime>2024-05-29 08:14:03 UTC</createdTime>
<generatorID>A7B064E6-D7C2-7042-BB1D-98F6FA7CE069</generatorID>
<ownerDesignName>C4ISR System Database Concept with Human Machine Collaboration for Dual-Purpose</ownerDesignName>
<referredTableLongName>Personnel</referredTableLongName>
<deleteRule>NO ACTION</deleteRule>
<referredTableID>D7CAC77E-6C7C-93E2-1B22-10B3C822BA52</referredTableID>
<keyObject>A4F0D083-EF68-5C53-E49D-44C872F1FDE6</keyObject>
<referredKeyID>A4F0D083-EF68-5C53-E49D-44C872F1FDE6</referredKeyID>
<mandatory>true</mandatory>
<refColNames>personnel_id</refColNames>
<transferable>true</transferable>
<rely>false</rely>
<columnDependencyConstraintGenerateInDDL>true</columnDependencyConstraintGenerateInDDL>
</FKIndexAssociation>
