<?xml version = '1.0' encoding = 'UTF-8'?>
<FKIndexAssociation class="oracle.dbtools.crest.model.design.relational.FKIndexAssociation" directorySegmentName="seg_0" id="B3ED0717-4C37-205E-A52B-A0D962595D6B" containerWithKeyObject="FF488557-FB17-3DCE-6C4D-38968BF27112" localFKIndex="A2F5BB86-E143-197E-2013-8374630BD451" name="Analysis_Users_FK">
<createdBy>bayua</createdBy>
<createdTime>2024-05-29 08:14:03 UTC</createdTime>
<generatorID>1F2E4F10-D94E-8978-9C99-48BCC56E7565</generatorID>
<ownerDesignName>C4ISR System Database Concept with Human Machine Collaboration for Dual-Purpose</ownerDesignName>
<referredTableLongName>Users</referredTableLongName>
<deleteRule>NO ACTION</deleteRule>
<referredTableID>D6499C77-685A-5038-5825-39FE8E903C1E</referredTableID>
<keyObject>9DEF3978-08C4-052D-D587-A561670E877E</keyObject>
<referredKeyID>9DEF3978-08C4-052D-D587-A561670E877E</referredKeyID>
<mandatory>true</mandatory>
<refColNames>user_id</refColNames>
<transferable>true</transferable>
<rely>false</rely>
<columnDependencyConstraintGenerateInDDL>true</columnDependencyConstraintGenerateInDDL>
</FKIndexAssociation>
