<?xml version = '1.0' encoding = 'UTF-8'?>
<FKIndexAssociation class="oracle.dbtools.crest.model.design.relational.FKIndexAssociation" directorySegmentName="seg_0" id="B4A7A940-1F2C-FA14-374C-50A9F90679FA" containerWithKeyObject="0A2603F9-C2B7-2D9A-E527-6FB5B1A7A534" localFKIndex="C3A18CE3-5C58-EDCF-DC0A-E78960BEA542" name="enlisted_personnel_Personnel_FK">
<createdBy>bayua</createdBy>
<createdTime>2024-05-29 08:14:03 UTC</createdTime>
<generatorID>F8F289DA-AF00-CDE2-E7A7-36AB30DB0D32</generatorID>
<ownerDesignName>C4ISR System Database Concept with Human Machine Collaboration for Dual-Purpose</ownerDesignName>
<referredTableLongName>Personnel</referredTableLongName>
<arc>609A86F0-22E6-A3CC-F7A5-B92D2B035E1F</arc>
<deleteRule>NO ACTION</deleteRule>
<referredTableID>D7CAC77E-6C7C-93E2-1B22-10B3C822BA52</referredTableID>
<keyObject>A4F0D083-EF68-5C53-E49D-44C872F1FDE6</keyObject>
<referredKeyID>A4F0D083-EF68-5C53-E49D-44C872F1FDE6</referredKeyID>
<mandatory>true</mandatory>
<refColNames>personnel_id</refColNames>
<transferable>true</transferable>
<rely>false</rely>
<columnDependencyConstraintGenerateInDDL>true</columnDependencyConstraintGenerateInDDL>
</FKIndexAssociation>
