<?xml version = '1.0' encoding = 'UTF-8'?>
<FKIndexAssociation class="oracle.dbtools.crest.model.design.relational.FKIndexAssociation" directorySegmentName="seg_0" id="B9EAD5C9-788C-3F75-5C22-ED6858DF6730" containerWithKeyObject="FF488557-FB17-3DCE-6C4D-38968BF27112" localFKIndex="B6365FAF-1113-1260-4A30-C77B9F4B774D" name="Analysis_Data_FK">
<createdBy>bayua</createdBy>
<createdTime>2024-05-29 08:14:03 UTC</createdTime>
<generatorID>79290CC4-5DB6-1CFC-F5E2-EE9148B775D2</generatorID>
<ownerDesignName>C4ISR System Database Concept with Human Machine Collaboration for Dual-Purpose</ownerDesignName>
<referredTableLongName>Data</referredTableLongName>
<deleteRule>NO ACTION</deleteRule>
<referredTableID>1801C7D5-3017-BB8D-A65A-7CBCC2764ABF</referredTableID>
<keyObject>478E3694-F0FF-F94B-E639-89345008CB15</keyObject>
<referredKeyID>478E3694-F0FF-F94B-E639-89345008CB15</referredKeyID>
<mandatory>true</mandatory>
<refColNames>data_id</refColNames>
<transferable>true</transferable>
<rely>false</rely>
<columnDependencyConstraintGenerateInDDL>true</columnDependencyConstraintGenerateInDDL>
</FKIndexAssociation>
