<?xml version = '1.0' encoding = 'UTF-8'?>
<FKIndexAssociation class="oracle.dbtools.crest.model.design.relational.FKIndexAssociation" directorySegmentName="seg_0" id="BFA9FF20-A660-4BB5-D699-FD35704B187A" containerWithKeyObject="85D32833-1233-7AD4-488A-2CEE0B6A4063" localFKIndex="899C5A36-13AA-1359-2848-778910A0F1A0" name="Maintenance_Logs_Equipment_FK">
<createdBy>bayua</createdBy>
<createdTime>2024-05-29 08:14:03 UTC</createdTime>
<generatorID>63DD0C70-54C4-2D2B-7064-53B56713B26D</generatorID>
<ownerDesignName>C4ISR System Database Concept with Human Machine Collaboration for Dual-Purpose</ownerDesignName>
<referredTableLongName>Equipment</referredTableLongName>
<deleteRule>NO ACTION</deleteRule>
<referredTableID>A9B96F49-4486-38BE-D2BF-42163BFFF8AA</referredTableID>
<keyObject>4720CFF7-C4EF-3C16-BAC3-49A8FB565981</keyObject>
<referredKeyID>4720CFF7-C4EF-3C16-BAC3-49A8FB565981</referredKeyID>
<mandatory>true</mandatory>
<refColNames>Equipment_id</refColNames>
<transferable>true</transferable>
<rely>false</rely>
<columnDependencyConstraintGenerateInDDL>true</columnDependencyConstraintGenerateInDDL>
</FKIndexAssociation>
