<?xml version = '1.0' encoding = 'UTF-8'?>
<FKIndexAssociation class="oracle.dbtools.crest.model.design.relational.FKIndexAssociation" directorySegmentName="seg_0" id="CCE75171-EF8B-B4A1-105A-34C38DAE95A3" containerWithKeyObject="1801C7D5-3017-BB8D-A65A-7CBCC2764ABF" localFKIndex="F0B2568C-7315-4F86-DDA4-D3A9039DD79C" name="Data_Sensors_FK">
<createdBy>bayua</createdBy>
<createdTime>2024-05-29 08:14:03 UTC</createdTime>
<generatorID>6D297759-5293-07F0-386B-EABCC710866F</generatorID>
<ownerDesignName>C4ISR System Database Concept with Human Machine Collaboration for Dual-Purpose</ownerDesignName>
<referredTableLongName>Sensors</referredTableLongName>
<deleteRule>NO ACTION</deleteRule>
<referredTableID>8D5BEAF8-FE81-2255-DDB5-F37EE287B334</referredTableID>
<keyObject>4C156D58-913B-C65B-2BFD-73193EDEC3BF</keyObject>
<referredKeyID>4C156D58-913B-C65B-2BFD-73193EDEC3BF</referredKeyID>
<mandatory>true</mandatory>
<refColNames>sensor_id</refColNames>
<transferable>true</transferable>
<rely>false</rely>
<columnDependencyConstraintGenerateInDDL>true</columnDependencyConstraintGenerateInDDL>
</FKIndexAssociation>
