<?xml version = '1.0' encoding = 'UTF-8'?>
<FKIndexAssociation class="oracle.dbtools.crest.model.design.relational.FKIndexAssociation" directorySegmentName="seg_0" id="D67F6ABF-895C-38AB-0A55-D1D9579FEB41" containerWithKeyObject="85D32833-1233-7AD4-488A-2CEE0B6A4063" localFKIndex="6BF09962-2E9F-F2F6-CDD4-2690DCE186A6" name="Maintenance_Logs_Platforms_FK">
<createdBy>bayua</createdBy>
<createdTime>2024-05-29 08:14:03 UTC</createdTime>
<generatorID>AAB7F7C5-AD45-2F76-25CD-4EC7FD7BBAD6</generatorID>
<ownerDesignName>C4ISR System Database Concept with Human Machine Collaboration for Dual-Purpose</ownerDesignName>
<referredTableLongName>Platforms</referredTableLongName>
<deleteRule>NO ACTION</deleteRule>
<referredTableID>41E1186B-F086-43DD-81E4-0E625698B541</referredTableID>
<keyObject>74CC0DF1-DBEF-1591-F867-BF1C47BCB331</keyObject>
<referredKeyID>74CC0DF1-DBEF-1591-F867-BF1C47BCB331</referredKeyID>
<mandatory>true</mandatory>
<refColNames>platform_id</refColNames>
<transferable>true</transferable>
<rely>false</rely>
<columnDependencyConstraintGenerateInDDL>true</columnDependencyConstraintGenerateInDDL>
</FKIndexAssociation>
