<?xml version = '1.0' encoding = 'UTF-8'?>
<FKIndexAssociation class="oracle.dbtools.crest.model.design.relational.FKIndexAssociation" directorySegmentName="seg_0" id="F68194DF-E921-20D9-2AE4-F012D12E0994" containerWithKeyObject="797AEDE0-9537-8A8C-B98F-AEEE5D421002" localFKIndex="5062672C-84A2-A626-C64F-4A137FF3278F" name="Relation_10_Maintenance_Logs_FK">
<createdBy>bayua</createdBy>
<createdTime>2024-05-29 08:14:03 UTC</createdTime>
<generatorID>B56E9B3E-028B-F161-1FE6-DBE741054D39</generatorID>
<ownerDesignName>C4ISR System Database Concept with Human Machine Collaboration for Dual-Purpose</ownerDesignName>
<referredTableLongName>Maintenance_Logs</referredTableLongName>
<deleteRule>NO ACTION</deleteRule>
<referredTableID>85D32833-1233-7AD4-488A-2CEE0B6A4063</referredTableID>
<keyObject>E5B4F822-6964-2F7F-762D-AE40E5BDC193</keyObject>
<referredKeyID>E5B4F822-6964-2F7F-762D-AE40E5BDC193</referredKeyID>
<mandatory>true</mandatory>
<refColNames>maintenance_id,Platforms_platform_id</refColNames>
<transferable>true</transferable>
<rely>false</rely>
<columnDependencyConstraintGenerateInDDL>true</columnDependencyConstraintGenerateInDDL>
</FKIndexAssociation>
