<?xml version = '1.0' encoding = 'UTF-8'?>
<FKIndexAssociation class="oracle.dbtools.crest.model.design.relational.FKIndexAssociation" directorySegmentName="seg_0" id="FEC256A3-940C-50AF-BB22-4538C42F302E" containerWithKeyObject="7723B3BB-5BAB-3B05-A14F-4A6BD3556AB1" localFKIndex="C2DA237E-603C-F1FB-0FE3-FC39B1A0A740" name="Communication_Log_Platforms_FK">
<createdBy>bayua</createdBy>
<createdTime>2024-05-29 08:14:03 UTC</createdTime>
<generatorID>F81677CB-2052-1C68-620C-FB99767281C5</generatorID>
<ownerDesignName>C4ISR System Database Concept with Human Machine Collaboration for Dual-Purpose</ownerDesignName>
<referredTableLongName>Platforms</referredTableLongName>
<deleteRule>NO ACTION</deleteRule>
<referredTableID>41E1186B-F086-43DD-81E4-0E625698B541</referredTableID>
<keyObject>74CC0DF1-DBEF-1591-F867-BF1C47BCB331</keyObject>
<referredKeyID>74CC0DF1-DBEF-1591-F867-BF1C47BCB331</referredKeyID>
<mandatory>true</mandatory>
<refColNames>platform_id</refColNames>
<transferable>true</transferable>
<rely>false</rely>
<columnDependencyConstraintGenerateInDDL>true</columnDependencyConstraintGenerateInDDL>
</FKIndexAssociation>
