<?xml version = '1.0' encoding = 'UTF-8'?>
<Relation class="oracle.dbtools.crest.model.design.logical.Relation" name="Relation_19" directorySegmentName="seg_0" id="0E100A81-64DD-D9C7-966B-8868CE616324">
<createdBy>bayua</createdBy>
<createdTime>2024-05-29 07:54:35 UTC</createdTime>
<ownerDesignName>C4ISR System Database Concept with Human Machine Collaboration for Dual-Purpose</ownerDesignName>
<engineerTo>
<item key="D0AB5B0E-3BD1-7209-F736-3AF8C65DB8DE" value="true"/>
</engineerTo>
<sourcePk>ED5590B9-5EE1-9D0D-33AF-9101746A847F</sourcePk>
<arc>0DD5B00D-D9A2-6491-61D7-CE1230220DE4</arc>
<identifying>false</identifying>
<optionalSource>true</optionalSource>
<optionalTarget>false</optionalTarget>
<sourceCardinality>1</sourceCardinality>
<sourceEntity>9CF1A7E9-3595-0111-FE85-55A86A3A7CCC</sourceEntity>
<targetCardinalityString>*</targetCardinalityString>
<targetEntity>9F87D041-E32F-6C17-AD7C-CF5DE5835E7B</targetEntity>
<transferable>true</transferable>
<deleteRule>NO ACTION</deleteRule>
</Relation>