<?xml version = '1.0' encoding = 'UTF-8'?>
<Relation class="oracle.dbtools.crest.model.design.logical.Relation" name="Relation_16" directorySegmentName="seg_0" id="11E3D2FD-9ACF-4C28-683B-D72E35B4D03F">
<createdBy>bayua</createdBy>
<createdTime>2024-05-29 07:37:21 UTC</createdTime>
<ownerDesignName>C4ISR System Database Concept with Human Machine Collaboration for Dual-Purpose</ownerDesignName>
<engineerTo>
<item key="D0AB5B0E-3BD1-7209-F736-3AF8C65DB8DE" value="true"/>
</engineerTo>
<sourcePk>C4766DDB-25CA-87C5-596D-DD7D80D3DAD6</sourcePk>
<identifying>false</identifying>
<optionalSource>true</optionalSource>
<optionalTarget>false</optionalTarget>
<sourceCardinality>1</sourceCardinality>
<sourceEntity>A2037378-09D8-EA36-9AA2-1940242BBFA6</sourceEntity>
<targetCardinalityString>*</targetCardinalityString>
<targetEntity>40EAF71C-E1A2-FA91-1AB6-B8BB806A3AD3</targetEntity>
<transferable>true</transferable>
<deleteRule>NO ACTION</deleteRule>
</Relation>