<?xml version = '1.0' encoding = 'UTF-8'?>
<Relation class="oracle.dbtools.crest.model.design.logical.Relation" name="Relation_6" directorySegmentName="seg_0" id="15E013CF-2117-A863-25AD-D83571FF6494">
<createdBy>bayua</createdBy>
<createdTime>2024-05-29 07:10:22 UTC</createdTime>
<ownerDesignName>C4ISR System Database Concept with Human Machine Collaboration for Dual-Purpose</ownerDesignName>
<engineerTo>
<item key="D0AB5B0E-3BD1-7209-F736-3AF8C65DB8DE" value="true"/>
</engineerTo>
<sourcePk>0E555CFD-8041-6A9E-7EA8-BD127F0D9436</sourcePk>
<identifying>false</identifying>
<optionalSource>true</optionalSource>
<optionalTarget>false</optionalTarget>
<sourceCardinality>1</sourceCardinality>
<sourceEntity>D8A9560C-16CB-17DF-224F-0273932DB92D</sourceEntity>
<targetCardinalityString>*</targetCardinalityString>
<targetEntity>F1EC030F-3B59-1AC6-AA07-B82F2F404489</targetEntity>
<transferable>true</transferable>
<deleteRule>NO ACTION</deleteRule>
</Relation>