<?xml version = '1.0' encoding = 'UTF-8'?>
<Relation class="oracle.dbtools.crest.model.design.logical.Relation" name="Relation_3" directorySegmentName="seg_0" id="1F2E4F10-D94E-8978-9C99-48BCC56E7565">
<createdBy>bayua</createdBy>
<createdTime>2024-05-29 07:08:21 UTC</createdTime>
<ownerDesignName>C4ISR System Database Concept with Human Machine Collaboration for Dual-Purpose</ownerDesignName>
<engineerTo>
<item key="D0AB5B0E-3BD1-7209-F736-3AF8C65DB8DE" value="true"/>
</engineerTo>
<sourcePk>85AC95C7-1277-5420-7FCE-4B8D92111387</sourcePk>
<identifying>false</identifying>
<optionalSource>true</optionalSource>
<optionalTarget>false</optionalTarget>
<sourceCardinality>1</sourceCardinality>
<sourceEntity>35CCECC8-1137-2254-CDEC-97A0BD5799F7</sourceEntity>
<targetCardinalityString>*</targetCardinalityString>
<targetEntity>EF09F3D1-11F8-C4F0-5BC0-B1C9E003458C</targetEntity>
<transferable>true</transferable>
<deleteRule>NO ACTION</deleteRule>
</Relation>