<?xml version = '1.0' encoding = 'UTF-8'?>
<Relation class="oracle.dbtools.crest.model.design.logical.Relation" name="Relation_11" directorySegmentName="seg_0" id="3C5BB3DB-81AE-F551-57F8-FC7C43275143">
<createdBy>bayua</createdBy>
<createdTime>2024-05-29 07:28:12 UTC</createdTime>
<ownerDesignName>C4ISR System Database Concept with Human Machine Collaboration for Dual-Purpose</ownerDesignName>
<engineerTo>
<item key="D0AB5B0E-3BD1-7209-F736-3AF8C65DB8DE" value="true"/>
</engineerTo>
<identifying>false</identifying>
<optionalSource>true</optionalSource>
<optionalTarget>false</optionalTarget>
<sourceCardinality>*</sourceCardinality>
<sourceEntity>40EAF71C-E1A2-FA91-1AB6-B8BB806A3AD3</sourceEntity>
<targetCardinalityString>*</targetCardinalityString>
<targetEntity>D8A9560C-16CB-17DF-224F-0273932DB92D</targetEntity>
<transferable>true</transferable>
<deleteRule>NO ACTION</deleteRule>
</Relation>