<?xml version = '1.0' encoding = 'UTF-8'?>
<Relation class="oracle.dbtools.crest.model.design.logical.Relation" name="Relation_4" directorySegmentName="seg_0" id="63DD0C70-54C4-2D2B-7064-53B56713B26D">
<createdBy>bayua</createdBy>
<createdTime>2024-05-29 07:10:10 UTC</createdTime>
<ownerDesignName>C4ISR System Database Concept with Human Machine Collaboration for Dual-Purpose</ownerDesignName>
<engineerTo>
<item key="D0AB5B0E-3BD1-7209-F736-3AF8C65DB8DE" value="true"/>
</engineerTo>
<sourcePk>9621812D-F105-5ACC-550E-F7DEC1E5D189</sourcePk>
<identifying>false</identifying>
<optionalSource>true</optionalSource>
<optionalTarget>false</optionalTarget>
<sourceCardinality>1</sourceCardinality>
<sourceEntity>11939639-8555-74CE-9B36-C7F46FE28E7F</sourceEntity>
<targetCardinalityString>*</targetCardinalityString>
<targetEntity>F1EC030F-3B59-1AC6-AA07-B82F2F404489</targetEntity>
<transferable>true</transferable>
<deleteRule>NO ACTION</deleteRule>
</Relation>