<?xml version = '1.0' encoding = 'UTF-8'?>
<Relation class="oracle.dbtools.crest.model.design.logical.Relation" name="Relation_2" directorySegmentName="seg_0" id="6D297759-5293-07F0-386B-EABCC710866F">
<createdBy>bayua</createdBy>
<createdTime>2024-05-29 07:06:01 UTC</createdTime>
<ownerDesignName>C4ISR System Database Concept with Human Machine Collaboration for Dual-Purpose</ownerDesignName>
<engineerTo>
<item key="D0AB5B0E-3BD1-7209-F736-3AF8C65DB8DE" value="true"/>
</engineerTo>
<sourcePk>0CF02BB6-9D7A-73E7-D3AF-F206B4574D4C</sourcePk>
<identifying>false</identifying>
<optionalSource>true</optionalSource>
<optionalTarget>false</optionalTarget>
<sourceCardinality>1</sourceCardinality>
<sourceEntity>24AFBB64-9785-F740-25BF-859AB512CDBA</sourceEntity>
<targetCardinalityString>*</targetCardinalityString>
<targetEntity>FCED9D1E-0A04-B1B1-8D6D-8836299B19BE</targetEntity>
<transferable>true</transferable>
<deleteRule>NO ACTION</deleteRule>
</Relation>