<?xml version = '1.0' encoding = 'UTF-8'?>
<Relation class="oracle.dbtools.crest.model.design.logical.Relation" name="Relation_8" directorySegmentName="seg_0" id="79290CC4-5DB6-1CFC-F5E2-EE9148B775D2">
<createdBy>bayua</createdBy>
<createdTime>2024-05-29 07:16:40 UTC</createdTime>
<ownerDesignName>C4ISR System Database Concept with Human Machine Collaboration for Dual-Purpose</ownerDesignName>
<engineerTo>
<item key="D0AB5B0E-3BD1-7209-F736-3AF8C65DB8DE" value="true"/>
</engineerTo>
<sourcePk>56C0B1C4-3CB2-3F76-D790-187C5DFDF2E5</sourcePk>
<identifying>true</identifying>
<optionalSource>true</optionalSource>
<optionalTarget>false</optionalTarget>
<sourceCardinality>1</sourceCardinality>
<sourceEntity>FCED9D1E-0A04-B1B1-8D6D-8836299B19BE</sourceEntity>
<targetCardinalityString>*</targetCardinalityString>
<targetEntity>EF09F3D1-11F8-C4F0-5BC0-B1C9E003458C</targetEntity>
<transferable>true</transferable>
<deleteRule>NO ACTION</deleteRule>
</Relation>