<?xml version = '1.0' encoding = 'UTF-8'?>
<Relation class="oracle.dbtools.crest.model.design.logical.Relation" name="Relation_9" directorySegmentName="seg_0" id="854AB7CA-818A-6906-F149-08D8E02B8218">
<createdBy>bayua</createdBy>
<createdTime>2024-05-29 07:18:11 UTC</createdTime>
<ownerDesignName>C4ISR System Database Concept with Human Machine Collaboration for Dual-Purpose</ownerDesignName>
<engineerTo>
<item key="D0AB5B0E-3BD1-7209-F736-3AF8C65DB8DE" value="true"/>
</engineerTo>
<identifying>false</identifying>
<optionalSource>true</optionalSource>
<optionalTarget>false</optionalTarget>
<sourceCardinality>*</sourceCardinality>
<sourceEntity>35CCECC8-1137-2254-CDEC-97A0BD5799F7</sourceEntity>
<targetCardinalityString>*</targetCardinalityString>
<targetEntity>24AFBB64-9785-F740-25BF-859AB512CDBA</targetEntity>
<transferable>true</transferable>
<deleteRule>NO ACTION</deleteRule>
</Relation>