<?xml version = '1.0' encoding = 'UTF-8'?>
<Relation class="oracle.dbtools.crest.model.design.logical.Relation" name="Relation_14" directorySegmentName="seg_0" id="A7B064E6-D7C2-7042-BB1D-98F6FA7CE069">
<createdBy>bayua</createdBy>
<createdTime>2024-05-29 07:32:58 UTC</createdTime>
<ownerDesignName>C4ISR System Database Concept with Human Machine Collaboration for Dual-Purpose</ownerDesignName>
<engineerTo>
<item key="D0AB5B0E-3BD1-7209-F736-3AF8C65DB8DE" value="true"/>
</engineerTo>
<sourcePk>0E555CFD-8041-6A9E-7EA8-BD127F0D9436</sourcePk>
<identifying>false</identifying>
<optionalSource>true</optionalSource>
<optionalTarget>false</optionalTarget>
<sourceCardinality>1</sourceCardinality>
<sourceEntity>D8A9560C-16CB-17DF-224F-0273932DB92D</sourceEntity>
<targetCardinalityString>*</targetCardinalityString>
<targetEntity>B291EB67-0616-6085-B853-CA76DAF54745</targetEntity>
<transferable>true</transferable>
<deleteRule>NO ACTION</deleteRule>
</Relation>