<?xml version = '1.0' encoding = 'UTF-8'?>
<Relation class="oracle.dbtools.crest.model.design.logical.Relation" name="Relation_5" directorySegmentName="seg_0" id="AAB7F7C5-AD45-2F76-25CD-4EC7FD7BBAD6">
<createdBy>bayua</createdBy>
<createdTime>2024-05-29 07:10:15 UTC</createdTime>
<ownerDesignName>C4ISR System Database Concept with Human Machine Collaboration for Dual-Purpose</ownerDesignName>
<engineerTo>
<item key="D0AB5B0E-3BD1-7209-F736-3AF8C65DB8DE" value="true"/>
</engineerTo>
<sourcePk>CA670B35-EB14-8060-7DCF-A10A23D6DF5D</sourcePk>
<identifying>true</identifying>
<optionalSource>true</optionalSource>
<optionalTarget>false</optionalTarget>
<sourceCardinality>1</sourceCardinality>
<sourceEntity>40EAF71C-E1A2-FA91-1AB6-B8BB806A3AD3</sourceEntity>
<targetCardinalityString>*</targetCardinalityString>
<targetEntity>F1EC030F-3B59-1AC6-AA07-B82F2F404489</targetEntity>
<transferable>true</transferable>
<deleteRule>NO ACTION</deleteRule>
</Relation>