<?xml version = '1.0' encoding = 'UTF-8'?>
<Relation class="oracle.dbtools.crest.model.design.logical.Relation" name="Relation_10" directorySegmentName="seg_0" id="B56E9B3E-028B-F161-1FE6-DBE741054D39">
<createdBy>bayua</createdBy>
<createdTime>2024-05-29 07:25:23 UTC</createdTime>
<ownerDesignName>C4ISR System Database Concept with Human Machine Collaboration for Dual-Purpose</ownerDesignName>
<engineerTo>
<item key="D0AB5B0E-3BD1-7209-F736-3AF8C65DB8DE" value="true"/>
</engineerTo>
<identifying>false</identifying>
<optionalSource>true</optionalSource>
<optionalTarget>false</optionalTarget>
<sourceCardinality>*</sourceCardinality>
<sourceEntity>35CCECC8-1137-2254-CDEC-97A0BD5799F7</sourceEntity>
<targetCardinalityString>*</targetCardinalityString>
<targetEntity>F1EC030F-3B59-1AC6-AA07-B82F2F404489</targetEntity>
<transferable>true</transferable>
<deleteRule>NO ACTION</deleteRule>
</Relation>