<?xml version = '1.0' encoding = 'UTF-8'?>
<Relation class="oracle.dbtools.crest.model.design.logical.Relation" name="Relation_15" directorySegmentName="seg_0" id="F81677CB-2052-1C68-620C-FB99767281C5">
<createdBy>bayua</createdBy>
<createdTime>2024-05-29 07:36:56 UTC</createdTime>
<ownerDesignName>C4ISR System Database Concept with Human Machine Collaboration for Dual-Purpose</ownerDesignName>
<engineerTo>
<item key="D0AB5B0E-3BD1-7209-F736-3AF8C65DB8DE" value="true"/>
</engineerTo>
<sourcePk>CA670B35-EB14-8060-7DCF-A10A23D6DF5D</sourcePk>
<identifying>false</identifying>
<optionalSource>true</optionalSource>
<optionalTarget>false</optionalTarget>
<sourceCardinality>1</sourceCardinality>
<sourceEntity>40EAF71C-E1A2-FA91-1AB6-B8BB806A3AD3</sourceEntity>
<targetCardinalityString>1</targetCardinalityString>
<targetEntity>9CF1A7E9-3595-0111-FE85-55A86A3A7CCC</targetEntity>
<transferable>true</transferable>
<deleteRule>NO ACTION</deleteRule>
</Relation>