<?xml version = '1.0' encoding = 'UTF-8'?>
<Entity class="oracle.dbtools.crest.model.design.logical.Entity" directorySegmentName="seg_0" id="44D109DF-3FF9-A887-D73A-DA2DB38D6F07" name="Login">
<createdBy>bayua</createdBy>
<createdTime>2024-06-19 15:02:58 UTC</createdTime>
<ownerDesignName>C4ISR System Database Concept with Human Machine Collaboration for Dual-Purpose</ownerDesignName>
<engineerTo>
<item key="D0AB5B0E-3BD1-7209-F736-3AF8C65DB8DE" value="true"/>
</engineerTo>
<adequatelyNormalized>NO</adequatelyNormalized>
<expectedVolumes>0</expectedVolumes>
<fwdEngineeringStrategyName>Single Table</fwdEngineeringStrategyName>
<growthPercent>0</growthPercent>
<growthType>Year</growthType>
<maxVolumes>9999999</maxVolumes>
<minVolumes>0</minVolumes>
<normalForm>Third</normalForm>
<attributes itemClass="oracle.dbtools.crest.model.design.logical.Attribute">
<Attribute name="login_id" id="916C246F-A65D-060E-44EC-70DB83591DB1">
<createdBy>bayua</createdBy>
<createdTime>2024-06-19 15:03:15 UTC</createdTime>
<ownerDesignName>C4ISR System Database Concept with Human Machine Collaboration for Dual-Purpose</ownerDesignName>
<engineerTo>
<item key="D0AB5B0E-3BD1-7209-F736-3AF8C65DB8DE" value="true"/>
</engineerTo>
<useDomainConstraints>false</useDomainConstraints>
<use>1</use>
<logicalDatatype>LOGDT011</logicalDatatype>
<ownDataTypeParameters>,,</ownDataTypeParameters>
</Attribute>
<Attribute name="name" id="AD0B3E6C-397B-F616-C8F3-503CEE1C98CA">
<createdBy>bayua</createdBy>
<createdTime>2024-06-19 15:04:35 UTC</createdTime>
<ownerDesignName>C4ISR System Database Concept with Human Machine Collaboration for Dual-Purpose</ownerDesignName>
<engineerTo>
<item key="D0AB5B0E-3BD1-7209-F736-3AF8C65DB8DE" value="true"/>
</engineerTo>
<useDomainConstraints>false</useDomainConstraints>
<use>1</use>
<logicalDatatype>LOGDT024</logicalDatatype>
<dataTypeSize>100</dataTypeSize>
<ownDataTypeParameters>100,,</ownDataTypeParameters>
</Attribute>
<Attribute name="username" id="ED732217-FEF8-6F20-A132-B1D9B57B1FA1">
<createdBy>bayua</createdBy>
<createdTime>2024-06-19 15:04:55 UTC</createdTime>
<ownerDesignName>C4ISR System Database Concept with Human Machine Collaboration for Dual-Purpose</ownerDesignName>
<engineerTo>
<item key="D0AB5B0E-3BD1-7209-F736-3AF8C65DB8DE" value="true"/>
</engineerTo>
<useDomainConstraints>false</useDomainConstraints>
<use>1</use>
<logicalDatatype>LOGDT024</logicalDatatype>
<dataTypeSize>50</dataTypeSize>
<ownDataTypeParameters>50,,</ownDataTypeParameters>
</Attribute>
<Attribute name="email" id="C6EB5639-373C-ACDA-FDAA-75B02D7DDD39">
<createdBy>bayua</createdBy>
<createdTime>2024-06-19 15:05:14 UTC</createdTime>
<ownerDesignName>C4ISR System Database Concept with Human Machine Collaboration for Dual-Purpose</ownerDesignName>
<engineerTo>
<item key="D0AB5B0E-3BD1-7209-F736-3AF8C65DB8DE" value="true"/>
</engineerTo>
<useDomainConstraints>false</useDomainConstraints>
<use>1</use>
<logicalDatatype>LOGDT024</logicalDatatype>
<dataTypeSize>100</dataTypeSize>
<ownDataTypeParameters>100,,</ownDataTypeParameters>
</Attribute>
<Attribute name="password" id="EE655C9D-F9A1-00D6-5111-7230B09DD371">
<createdBy>bayua</createdBy>
<createdTime>2024-06-19 15:05:33 UTC</createdTime>
<ownerDesignName>C4ISR System Database Concept with Human Machine Collaboration for Dual-Purpose</ownerDesignName>
<engineerTo>
<item key="D0AB5B0E-3BD1-7209-F736-3AF8C65DB8DE" value="true"/>
</engineerTo>
<useDomainConstraints>false</useDomainConstraints>
<use>1</use>
<logicalDatatype>LOGDT024</logicalDatatype>
<dataTypeSize>100</dataTypeSize>
<ownDataTypeParameters>100,,</ownDataTypeParameters>
</Attribute>
</attributes>
<identifiers itemClass="oracle.dbtools.crest.model.design.logical.CandidateKey">
<identifier id="902581D7-3A72-60B0-E33F-BFCCFF5A0CB3" name="Login PK">
<createdBy>bayua</createdBy>
<createdTime>2024-06-19 15:04:29 UTC</createdTime>
<ownerDesignName>C4ISR System Database Concept with Human Machine Collaboration for Dual-Purpose</ownerDesignName>
<engineerTo>
<item key="D0AB5B0E-3BD1-7209-F736-3AF8C65DB8DE" value="true"/>
</engineerTo>
<pk>true</pk>
<usedAttributes>
<attributeRef>916C246F-A65D-060E-44EC-70DB83591DB1</attributeRef>
</usedAttributes>
</identifier>
</identifiers>
</Entity>
