<?xml version = '1.0' encoding = 'UTF-8'?>
<Entity class="oracle.dbtools.crest.model.design.logical.Entity" directorySegmentName="seg_0" id="5FBA1592-2104-72B3-318B-99AC97C2C346" name="Sea">
<createdBy>bayua</createdBy>
<createdTime>2024-05-29 07:45:17 UTC</createdTime>
<ownerDesignName>C4ISR System Database Concept with Human Machine Collaboration for Dual-Purpose</ownerDesignName>
<engineerTo>
<item key="D0AB5B0E-3BD1-7209-F736-3AF8C65DB8DE" value="true"/>
</engineerTo>
<adequatelyNormalized>NO</adequatelyNormalized>
<expectedVolumes>0</expectedVolumes>
<fwdEngineeringStrategyName>Single Table</fwdEngineeringStrategyName>
<growthPercent>0</growthPercent>
<growthType>Year</growthType>
<maxVolumes>9999999</maxVolumes>
<minVolumes>0</minVolumes>
<normalForm>Third</normalForm>
<attributes itemClass="oracle.dbtools.crest.model.design.logical.Attribute">
<Attribute name="Sea_Platform_ID" id="DEC6DF22-1AD6-57D3-5434-4CA84B15E75F">
<createdBy>bayua</createdBy>
<createdTime>2024-05-29 07:45:50 UTC</createdTime>
<ownerDesignName>C4ISR System Database Concept with Human Machine Collaboration for Dual-Purpose</ownerDesignName>
<engineerTo>
<item key="D0AB5B0E-3BD1-7209-F736-3AF8C65DB8DE" value="true"/>
</engineerTo>
<useDomainConstraints>false</useDomainConstraints>
<use>1</use>
<logicalDatatype>LOGDT024</logicalDatatype>
<dataTypeSize>30</dataTypeSize>
<ownDataTypeParameters>30,,</ownDataTypeParameters>
</Attribute>
<Attribute name="Task" id="C87FCF43-0E57-AE31-7816-52623E51E982">
<createdBy>bayua</createdBy>
<createdTime>2024-05-29 07:46:14 UTC</createdTime>
<ownerDesignName>C4ISR System Database Concept with Human Machine Collaboration for Dual-Purpose</ownerDesignName>
<engineerTo>
<item key="D0AB5B0E-3BD1-7209-F736-3AF8C65DB8DE" value="true"/>
</engineerTo>
<useDomainConstraints>false</useDomainConstraints>
<use>1</use>
<logicalDatatype>LOGDT024</logicalDatatype>
<dataTypeSize>400</dataTypeSize>
<ownDataTypeParameters>400,,</ownDataTypeParameters>
</Attribute>
<Attribute name="Location" id="EEE1CF0B-492F-6A6F-B716-6C6071C3FACF">
<createdBy>bayua</createdBy>
<createdTime>2024-05-29 07:52:37 UTC</createdTime>
<ownerDesignName>C4ISR System Database Concept with Human Machine Collaboration for Dual-Purpose</ownerDesignName>
<engineerTo>
<item key="D0AB5B0E-3BD1-7209-F736-3AF8C65DB8DE" value="true"/>
</engineerTo>
<nullsAllowed>true</nullsAllowed>
<useDomainConstraints>false</useDomainConstraints>
<use>1</use>
<logicalDatatype>LOGDT040</logicalDatatype>
<ownDataTypeParameters>,,</ownDataTypeParameters>
</Attribute>
<Attribute name="comm_id" id="21762E34-C1D8-646C-AE4D-4CC680FA8EC5">
<createdBy>bayua</createdBy>
<createdTime>2024-05-29 07:54:20 UTC</createdTime>
<generatorID>8098CD6E-295D-636B-265D-D111E5DD0081</generatorID>
<ownerDesignName>C4ISR System Database Concept with Human Machine Collaboration for Dual-Purpose</ownerDesignName>
<engineerTo>
<item key="D0AB5B0E-3BD1-7209-F736-3AF8C65DB8DE" value="true"/>
</engineerTo>
<referedAttribute>A0C6CD32-257B-6A8D-3CA4-65D15B9D30A5</referedAttribute>
<useDomainConstraints>false</useDomainConstraints>
<use>1</use>
<logicalDatatype>LOGDT024</logicalDatatype>
<dataTypeSize>30</dataTypeSize>
<ownDataTypeParameters>,,</ownDataTypeParameters>
</Attribute>
</attributes>
<identifiers itemClass="oracle.dbtools.crest.model.design.logical.CandidateKey">
<identifier id="776283E9-F9F9-5EFD-C9F3-6F597F354D7F" name="Sea PK">
<createdBy>bayua</createdBy>
<createdTime>2024-05-29 07:46:12 UTC</createdTime>
<ownerDesignName>C4ISR System Database Concept with Human Machine Collaboration for Dual-Purpose</ownerDesignName>
<engineerTo>
<item key="D0AB5B0E-3BD1-7209-F736-3AF8C65DB8DE" value="true"/>
</engineerTo>
<pk>true</pk>
<usedAttributes>
<attributeRef>DEC6DF22-1AD6-57D3-5434-4CA84B15E75F</attributeRef>
</usedAttributes>
</identifier>
</identifiers>
</Entity>
