<?xml version = '1.0' encoding = 'UTF-8'?>
<Entity class="oracle.dbtools.crest.model.design.logical.Entity" directorySegmentName="seg_0" id="A2037378-09D8-EA36-9AA2-1940242BBFA6" name="Missions">
<createdBy>bayua</createdBy>
<createdTime>2024-05-29 06:39:48 UTC</createdTime>
<ownerDesignName>C4ISR System Database Concept with Human Machine Collaboration for Dual-Purpose</ownerDesignName>
<engineerTo>
<item key="D0AB5B0E-3BD1-7209-F736-3AF8C65DB8DE" value="true"/>
</engineerTo>
<adequatelyNormalized>NO</adequatelyNormalized>
<expectedVolumes>0</expectedVolumes>
<fwdEngineeringStrategyName>Single Table</fwdEngineeringStrategyName>
<growthPercent>0</growthPercent>
<growthType>Year</growthType>
<maxVolumes>9999999</maxVolumes>
<minVolumes>0</minVolumes>
<normalForm>Third</normalForm>
<attributes itemClass="oracle.dbtools.crest.model.design.logical.Attribute">
<Attribute name="mission_id" id="57BE5530-1975-6598-E0FE-360641B491DA">
<createdBy>bayua</createdBy>
<createdTime>2024-05-29 06:39:52 UTC</createdTime>
<ownerDesignName>C4ISR System Database Concept with Human Machine Collaboration for Dual-Purpose</ownerDesignName>
<engineerTo>
<item key="D0AB5B0E-3BD1-7209-F736-3AF8C65DB8DE" value="true"/>
</engineerTo>
<useDomainConstraints>false</useDomainConstraints>
<use>1</use>
<logicalDatatype>LOGDT011</logicalDatatype>
<ownDataTypeParameters>,,</ownDataTypeParameters>
</Attribute>
<Attribute name="Mission_name" id="9DCD7850-5F66-100A-AF27-93DA4A775C87">
<createdBy>bayua</createdBy>
<createdTime>2024-05-29 06:40:12 UTC</createdTime>
<ownerDesignName>C4ISR System Database Concept with Human Machine Collaboration for Dual-Purpose</ownerDesignName>
<engineerTo>
<item key="D0AB5B0E-3BD1-7209-F736-3AF8C65DB8DE" value="true"/>
</engineerTo>
<useDomainConstraints>false</useDomainConstraints>
<use>1</use>
<logicalDatatype>LOGDT024</logicalDatatype>
<dataTypeSize>30</dataTypeSize>
<ownDataTypeParameters>30,,</ownDataTypeParameters>
</Attribute>
<Attribute name="description" id="404426E4-C1B7-6D5C-888C-484C42D06E82">
<createdBy>bayua</createdBy>
<createdTime>2024-05-29 06:40:22 UTC</createdTime>
<ownerDesignName>C4ISR System Database Concept with Human Machine Collaboration for Dual-Purpose</ownerDesignName>
<engineerTo>
<item key="D0AB5B0E-3BD1-7209-F736-3AF8C65DB8DE" value="true"/>
</engineerTo>
<nullsAllowed>true</nullsAllowed>
<useDomainConstraints>false</useDomainConstraints>
<use>1</use>
<logicalDatatype>LOGDT040</logicalDatatype>
<ownDataTypeParameters>,,</ownDataTypeParameters>
</Attribute>
<Attribute name="start_date" id="744D8C79-A124-A0BF-3525-82D1FAC2A7D3">
<createdBy>bayua</createdBy>
<createdTime>2024-05-29 06:40:46 UTC</createdTime>
<ownerDesignName>C4ISR System Database Concept with Human Machine Collaboration for Dual-Purpose</ownerDesignName>
<engineerTo>
<item key="D0AB5B0E-3BD1-7209-F736-3AF8C65DB8DE" value="true"/>
</engineerTo>
<nullsAllowed>true</nullsAllowed>
<useDomainConstraints>false</useDomainConstraints>
<use>1</use>
<logicalDatatype>LOGDT008</logicalDatatype>
<ownDataTypeParameters>,,</ownDataTypeParameters>
</Attribute>
<Attribute name="end_date" id="EE06F3E4-80EF-39E0-EF00-7BAE9D67567F">
<createdBy>bayua</createdBy>
<createdTime>2024-05-29 06:40:53 UTC</createdTime>
<ownerDesignName>C4ISR System Database Concept with Human Machine Collaboration for Dual-Purpose</ownerDesignName>
<engineerTo>
<item key="D0AB5B0E-3BD1-7209-F736-3AF8C65DB8DE" value="true"/>
</engineerTo>
<nullsAllowed>true</nullsAllowed>
<useDomainConstraints>false</useDomainConstraints>
<use>1</use>
<logicalDatatype>LOGDT008</logicalDatatype>
<ownDataTypeParameters>,,</ownDataTypeParameters>
</Attribute>
<Attribute name="status" id="10A3FAED-1E19-7FC5-B78F-4607C80BFA14">
<createdBy>bayua</createdBy>
<createdTime>2024-05-29 06:41:14 UTC</createdTime>
<ownerDesignName>C4ISR System Database Concept with Human Machine Collaboration for Dual-Purpose</ownerDesignName>
<engineerTo>
<item key="D0AB5B0E-3BD1-7209-F736-3AF8C65DB8DE" value="true"/>
</engineerTo>
<nullsAllowed>true</nullsAllowed>
<useDomainConstraints>false</useDomainConstraints>
<use>1</use>
<logicalDatatype>LOGDT024</logicalDatatype>
<dataTypeSize>30</dataTypeSize>
<ownDataTypeParameters>30,,</ownDataTypeParameters>
</Attribute>
</attributes>
<identifiers itemClass="oracle.dbtools.crest.model.design.logical.CandidateKey">
<identifier id="C4766DDB-25CA-87C5-596D-DD7D80D3DAD6" name="Missions PK">
<createdBy>bayua</createdBy>
<createdTime>2024-05-29 06:47:45 UTC</createdTime>
<ownerDesignName>C4ISR System Database Concept with Human Machine Collaboration for Dual-Purpose</ownerDesignName>
<shouldEngineer>false</shouldEngineer>
<engineerTo>
<item key="D0AB5B0E-3BD1-7209-F736-3AF8C65DB8DE" value="false"/>
</engineerTo>
<pk>true</pk>
<usedAttributes>
<attributeRef>57BE5530-1975-6598-E0FE-360641B491DA</attributeRef>
</usedAttributes>
</identifier>
</identifiers>
</Entity>
