<?xml version = '1.0' encoding = 'UTF-8'?>
<Entity class="oracle.dbtools.crest.model.design.logical.Entity" directorySegmentName="seg_0" id="EF09F3D1-11F8-C4F0-5BC0-B1C9E003458C" name="Analysis ">
<createdBy>bayua</createdBy>
<createdTime>2024-05-29 06:27:37 UTC</createdTime>
<ownerDesignName>C4ISR System Database Concept with Human Machine Collaboration for Dual-Purpose</ownerDesignName>
<engineerTo>
<item key="D0AB5B0E-3BD1-7209-F736-3AF8C65DB8DE" value="true"/>
</engineerTo>
<adequatelyNormalized>NO</adequatelyNormalized>
<expectedVolumes>0</expectedVolumes>
<fwdEngineeringStrategyName>Single Table</fwdEngineeringStrategyName>
<growthPercent>0</growthPercent>
<growthType>Year</growthType>
<maxVolumes>9999999</maxVolumes>
<minVolumes>0</minVolumes>
<normalForm>Third</normalForm>
<attributes itemClass="oracle.dbtools.crest.model.design.logical.Attribute">
<Attribute name="analysis_id" id="B045169F-B850-EF1D-8841-EB74B5FACC00">
<createdBy>bayua</createdBy>
<createdTime>2024-05-29 06:27:57 UTC</createdTime>
<ownerDesignName>C4ISR System Database Concept with Human Machine Collaboration for Dual-Purpose</ownerDesignName>
<engineerTo>
<item key="D0AB5B0E-3BD1-7209-F736-3AF8C65DB8DE" value="true"/>
</engineerTo>
<useDomainConstraints>false</useDomainConstraints>
<use>1</use>
<logicalDatatype>LOGDT011</logicalDatatype>
<ownDataTypeParameters>,,</ownDataTypeParameters>
</Attribute>
<Attribute name="analysis_type" id="FC12004B-99E8-B5F0-928B-00B8DDE42C9A">
<createdBy>bayua</createdBy>
<createdTime>2024-05-29 06:29:46 UTC</createdTime>
<ownerDesignName>C4ISR System Database Concept with Human Machine Collaboration for Dual-Purpose</ownerDesignName>
<engineerTo>
<item key="D0AB5B0E-3BD1-7209-F736-3AF8C65DB8DE" value="true"/>
</engineerTo>
<useDomainConstraints>false</useDomainConstraints>
<use>1</use>
<logicalDatatype>LOGDT024</logicalDatatype>
<dataTypeSize>30</dataTypeSize>
<ownDataTypeParameters>30,,</ownDataTypeParameters>
</Attribute>
<Attribute name="results" id="4B67CF6B-2BA0-B6CF-6C03-095C42DD630A">
<createdBy>bayua</createdBy>
<createdTime>2024-05-29 06:30:21 UTC</createdTime>
<ownerDesignName>C4ISR System Database Concept with Human Machine Collaboration for Dual-Purpose</ownerDesignName>
<engineerTo>
<item key="D0AB5B0E-3BD1-7209-F736-3AF8C65DB8DE" value="true"/>
</engineerTo>
<nullsAllowed>true</nullsAllowed>
<useDomainConstraints>false</useDomainConstraints>
<use>1</use>
<logicalDatatype>LOGDT040</logicalDatatype>
<ownDataTypeParameters>,,</ownDataTypeParameters>
</Attribute>
<Attribute name="user_id " id="0D151BC2-4975-ED78-E7DB-1E964EE678FA">
<createdBy>bayua</createdBy>
<createdTime>2024-05-29 07:08:21 UTC</createdTime>
<generatorID>1F2E4F10-D94E-8978-9C99-48BCC56E7565</generatorID>
<ownerDesignName>C4ISR System Database Concept with Human Machine Collaboration for Dual-Purpose</ownerDesignName>
<engineerTo>
<item key="D0AB5B0E-3BD1-7209-F736-3AF8C65DB8DE" value="true"/>
</engineerTo>
<referedAttribute>CE2B18FC-556C-651B-E3DF-9CE4C3A0DA75</referedAttribute>
<useDomainConstraints>false</useDomainConstraints>
<use>1</use>
<logicalDatatype>LOGDT024</logicalDatatype>
<dataTypeSize>30</dataTypeSize>
<ownDataTypeParameters>,,</ownDataTypeParameters>
</Attribute>
<Attribute name="data_id " id="67658E34-D040-6AAF-12AC-5DF3B32C0FC0">
<createdBy>bayua</createdBy>
<createdTime>2024-05-29 07:16:40 UTC</createdTime>
<generatorID>79290CC4-5DB6-1CFC-F5E2-EE9148B775D2</generatorID>
<ownerDesignName>C4ISR System Database Concept with Human Machine Collaboration for Dual-Purpose</ownerDesignName>
<engineerTo>
<item key="D0AB5B0E-3BD1-7209-F736-3AF8C65DB8DE" value="true"/>
</engineerTo>
<referedAttribute>43D39BD7-8D93-ADE4-65C6-D9561072A973</referedAttribute>
<useDomainConstraints>false</useDomainConstraints>
<use>1</use>
<logicalDatatype>LOGDT011</logicalDatatype>
<ownDataTypeParameters>,,</ownDataTypeParameters>
</Attribute>
</attributes>
<identifiers itemClass="oracle.dbtools.crest.model.design.logical.CandidateKey">
<identifier id="B6C100D8-F243-E7FF-3EEF-6F73CBBDB5CF" name="Analysis PK">
<createdBy>bayua</createdBy>
<createdTime>2024-05-29 06:29:58 UTC</createdTime>
<ownerDesignName>C4ISR System Database Concept with Human Machine Collaboration for Dual-Purpose</ownerDesignName>
<shouldEngineer>false</shouldEngineer>
<engineerTo>
<item key="D0AB5B0E-3BD1-7209-F736-3AF8C65DB8DE" value="false"/>
</engineerTo>
<pk>true</pk>
<usedAttributes>
<attributeRef>B045169F-B850-EF1D-8841-EB74B5FACC00</attributeRef>
<attributeRef>67658E34-D040-6AAF-12AC-5DF3B32C0FC0</attributeRef>
</usedAttributes>
</identifier>
</identifiers>
</Entity>
