<?xml version = '1.0' encoding = 'UTF-8'?>
<Entity class="oracle.dbtools.crest.model.design.logical.Entity" directorySegmentName="seg_0" id="F1EC030F-3B59-1AC6-AA07-B82F2F404489" name="Maintenance Logs ">
<createdBy>bayua</createdBy>
<createdTime>2024-05-29 06:57:37 UTC</createdTime>
<ownerDesignName>C4ISR System Database Concept with Human Machine Collaboration for Dual-Purpose</ownerDesignName>
<engineerTo>
<item key="D0AB5B0E-3BD1-7209-F736-3AF8C65DB8DE" value="true"/>
</engineerTo>
<adequatelyNormalized>NO</adequatelyNormalized>
<expectedVolumes>0</expectedVolumes>
<fwdEngineeringStrategyName>Single Table</fwdEngineeringStrategyName>
<growthPercent>0</growthPercent>
<growthType>Year</growthType>
<maxVolumes>9999999</maxVolumes>
<minVolumes>0</minVolumes>
<normalForm>Third</normalForm>
<attributes itemClass="oracle.dbtools.crest.model.design.logical.Attribute">
<Attribute name="maintenance_id" id="7CAFB600-90A3-D8AD-C720-2C9FB1F8499C">
<createdBy>bayua</createdBy>
<createdTime>2024-05-29 06:57:44 UTC</createdTime>
<ownerDesignName>C4ISR System Database Concept with Human Machine Collaboration for Dual-Purpose</ownerDesignName>
<engineerTo>
<item key="D0AB5B0E-3BD1-7209-F736-3AF8C65DB8DE" value="true"/>
</engineerTo>
<useDomainConstraints>false</useDomainConstraints>
<use>1</use>
<logicalDatatype>LOGDT024</logicalDatatype>
<dataTypeSize>30</dataTypeSize>
<ownDataTypeParameters>30,,</ownDataTypeParameters>
</Attribute>
<Attribute name="Date" id="984B82D4-6AF8-33EE-10CE-D2CC3300B6A2">
<createdBy>bayua</createdBy>
<createdTime>2024-05-29 06:57:57 UTC</createdTime>
<ownerDesignName>C4ISR System Database Concept with Human Machine Collaboration for Dual-Purpose</ownerDesignName>
<engineerTo>
<item key="D0AB5B0E-3BD1-7209-F736-3AF8C65DB8DE" value="true"/>
</engineerTo>
<useDomainConstraints>false</useDomainConstraints>
<use>1</use>
<logicalDatatype>LOGDT008</logicalDatatype>
<ownDataTypeParameters>,,</ownDataTypeParameters>
</Attribute>
<Attribute name="description" id="491CA4D3-B3E5-FCBE-147D-63509539A8F2">
<createdBy>bayua</createdBy>
<createdTime>2024-05-29 06:58:26 UTC</createdTime>
<ownerDesignName>C4ISR System Database Concept with Human Machine Collaboration for Dual-Purpose</ownerDesignName>
<engineerTo>
<item key="D0AB5B0E-3BD1-7209-F736-3AF8C65DB8DE" value="true"/>
</engineerTo>
<nullsAllowed>true</nullsAllowed>
<useDomainConstraints>false</useDomainConstraints>
<use>1</use>
<logicalDatatype>LOGDT040</logicalDatatype>
<ownDataTypeParameters>,,</ownDataTypeParameters>
</Attribute>
<Attribute name="Equipment_id" id="DC042718-F3B6-1103-D79D-44217B0DF5F3">
<createdBy>bayua</createdBy>
<createdTime>2024-05-29 07:10:10 UTC</createdTime>
<generatorID>63DD0C70-54C4-2D2B-7064-53B56713B26D</generatorID>
<ownerDesignName>C4ISR System Database Concept with Human Machine Collaboration for Dual-Purpose</ownerDesignName>
<engineerTo>
<item key="D0AB5B0E-3BD1-7209-F736-3AF8C65DB8DE" value="true"/>
</engineerTo>
<referedAttribute>A1885F61-CD02-5C23-6346-AAB46910F42A</referedAttribute>
<useDomainConstraints>false</useDomainConstraints>
<use>1</use>
<logicalDatatype>LOGDT024</logicalDatatype>
<dataTypeSize>30</dataTypeSize>
<ownDataTypeParameters>30,,</ownDataTypeParameters>
</Attribute>
<Attribute name="platform_id" id="BBF70FB9-79E5-C88B-B01C-9F8185BE1FDC">
<createdBy>bayua</createdBy>
<createdTime>2024-05-29 07:10:15 UTC</createdTime>
<generatorID>AAB7F7C5-AD45-2F76-25CD-4EC7FD7BBAD6</generatorID>
<ownerDesignName>C4ISR System Database Concept with Human Machine Collaboration for Dual-Purpose</ownerDesignName>
<engineerTo>
<item key="D0AB5B0E-3BD1-7209-F736-3AF8C65DB8DE" value="true"/>
</engineerTo>
<referedAttribute>5593D772-0795-F037-90A4-E83895466D40</referedAttribute>
<useDomainConstraints>false</useDomainConstraints>
<use>1</use>
<logicalDatatype>LOGDT024</logicalDatatype>
<dataTypeSize>30</dataTypeSize>
<ownDataTypeParameters>30,,</ownDataTypeParameters>
</Attribute>
<Attribute name="personnel_id" id="645D7FE9-B78F-86A0-A838-0ED701A10717">
<createdBy>bayua</createdBy>
<createdTime>2024-05-29 07:10:22 UTC</createdTime>
<generatorID>15E013CF-2117-A863-25AD-D83571FF6494</generatorID>
<ownerDesignName>C4ISR System Database Concept with Human Machine Collaboration for Dual-Purpose</ownerDesignName>
<engineerTo>
<item key="D0AB5B0E-3BD1-7209-F736-3AF8C65DB8DE" value="true"/>
</engineerTo>
<referedAttribute>C368A1C0-63DC-FE58-17E8-4F8DD4A32F01</referedAttribute>
<useDomainConstraints>false</useDomainConstraints>
<use>1</use>
<logicalDatatype>LOGDT024</logicalDatatype>
<dataTypeSize>30</dataTypeSize>
<ownDataTypeParameters>30,,</ownDataTypeParameters>
</Attribute>
</attributes>
<identifiers itemClass="oracle.dbtools.crest.model.design.logical.CandidateKey">
<identifier id="831ECAE2-C7D7-C72C-451D-9C461563C850" name="Maintenance Logs PK">
<createdBy>bayua</createdBy>
<createdTime>2024-05-29 06:58:51 UTC</createdTime>
<ownerDesignName>C4ISR System Database Concept with Human Machine Collaboration for Dual-Purpose</ownerDesignName>
<engineerTo>
<item key="D0AB5B0E-3BD1-7209-F736-3AF8C65DB8DE" value="true"/>
</engineerTo>
<pk>true</pk>
<usedAttributes>
<attributeRef>7CAFB600-90A3-D8AD-C720-2C9FB1F8499C</attributeRef>
<attributeRef>BBF70FB9-79E5-C88B-B01C-9F8185BE1FDC</attributeRef>
</usedAttributes>
</identifier>
</identifiers>
</Entity>
