<?xml version = '1.0' encoding = 'UTF-8'?>
<FKArc class="oracle.dbtools.crest.model.design.relational.FKArc" directorySegmentName="seg_0" id="609A86F0-22E6-A3CC-F7A5-B92D2B035E1F" name="FKArc_1">
<createdBy>bayua</createdBy>
<createdTime>2024-05-29 08:14:03 UTC</createdTime>
<ownerDesignName>C4ISR System Database Concept with Human Machine Collaboration for Dual-Purpose</ownerDesignName>
<mandatory>false</mandatory>
<reverseArc>true</reverseArc>
<table>D7CAC77E-6C7C-93E2-1B22-10B3C822BA52</table>
<fkeys>
<fkeyID>5950DBD3-6FF5-258D-0CA9-925AD7AB04C5</fkeyID>
<fkeyID>B4A7A940-1F2C-FA14-374C-50A9F90679FA</fkeyID>
<fkeyID>C5E1640D-EC1D-DB8F-41E4-12FD2310C810</fkeyID>
</fkeys>
</FKArc>
