<?xml version = '1.0' encoding = 'UTF-8'?>
<FKArc class="oracle.dbtools.crest.model.design.relational.FKArc" directorySegmentName="seg_0" id="A6E78F1E-D498-B0A8-6963-724819C4D418" name="Arc_2">
<createdBy>bayua</createdBy>
<createdTime>2024-05-29 08:14:03 UTC</createdTime>
<ownerDesignName>C4ISR System Database Concept with Human Machine Collaboration for Dual-Purpose</ownerDesignName>
<mandatory>false</mandatory>
<reverseArc>true</reverseArc>
<table>7723B3BB-5BAB-3B05-A14F-4A6BD3556AB1</table>
<fkeys>
<fkeyID>73B630BE-BF22-1CDF-2AA0-553CCC893534</fkeyID>
<fkeyID>78F1A8FF-DA1C-39FD-F235-8BC1B2F6D54C</fkeyID>
<fkeyID>7E89CFCF-2E0A-3A73-543C-4AF070AD2F13</fkeyID>
<fkeyID>39BAA7C3-F898-AAC8-5785-E4992E2E0DD7</fkeyID>
</fkeys>
</FKArc>
