<?xml version = '1.0' encoding = 'UTF-8'?>
<Diagram class="oracle.dbtools.crest.swingui.relational.DPVRelational" name="Relational_1" id="C3FE5F35-C657-DC0D-44AA-4FA6C8801544">
<createdBy>bayua</createdBy>
<modifiedBy>bayua</modifiedBy>
<createdTime>2024-05-29 08:06:05 UTC</createdTime>
<autoRoute>false</autoRoute>
<boxInbox>true</boxInbox>
<showLegend>false</showLegend>
<showLabels>false</showLabels>
<showRelAttributes>false</showRelAttributes>
<gridEnabled>false</gridEnabled>
<showGrid>false</showGrid>
<diagramColor>-1</diagramColor>
<display>false</display>
<notation>1</notation>
<objectViews>
<OView class="oracle.dbtools.crest.swingui.relational.TVTable" oid="0A2603F9-C2B7-2D9A-E527-6FB5B1A7A534" otype="Table" vid="BB55BF9B-5EDC-E9BF-4F93-D665CB83CDFB">
<hideElementsInCurrentOnly>false</hideElementsInCurrentOnly>
<bounds x="692" y="631" width="117" height="85"/>
</OView>
<OView class="oracle.dbtools.crest.swingui.relational.TVTable" oid="0A496386-AD64-DBD3-85D2-848FED25E645" otype="Table" vid="8F5BBCBD-5875-9AB8-733B-D2E4F47B0298">
<hideElementsInCurrentOnly>false</hideElementsInCurrentOnly>
<bounds x="198" y="210" width="140" height="71"/>
</OView>
<OView class="oracle.dbtools.crest.swingui.relational.TVTable" oid="1801C7D5-3017-BB8D-A65A-7CBCC2764ABF" otype="Table" vid="6597148D-05FB-39BA-8C11-D826F9E597DF">
<hideElementsInCurrentOnly>false</hideElementsInCurrentOnly>
<bounds x="1123" y="379" width="231" height="134"/>
</OView>
<OView class="oracle.dbtools.crest.swingui.relational.TVTable" oid="256EC1E0-4551-0599-2487-3C456BA2646E" otype="Table" vid="161217E6-2A24-6EEF-6D7F-53B927678EAC">
<hideElementsInCurrentOnly>false</hideElementsInCurrentOnly>
<bounds x="17" y="27" width="176" height="147"/>
</OView>
<OView class="oracle.dbtools.crest.swingui.relational.TVTable" oid="41E1186B-F086-43DD-81E4-0E625698B541" otype="Table" vid="78C1C47D-3B24-69D3-CADD-4742A26CFBA4">
<hideElementsInCurrentOnly>false</hideElementsInCurrentOnly>
<bounds x="491" y="331" width="224" height="122"/>
</OView>
<OView class="oracle.dbtools.crest.swingui.relational.TVTable" oid="69222691-87C8-9DAE-2B8D-6E99248C204B" otype="Table" vid="AB365874-AFA6-D032-8B3A-2691CABD4E56">
<hideElementsInCurrentOnly>false</hideElementsInCurrentOnly>
<bounds x="17" y="393" width="146" height="63"/>
</OView>
<OView class="oracle.dbtools.crest.swingui.relational.TVTable" oid="6B098B89-F73D-246A-B7E6-6A314D5BB445" otype="Table" vid="154D43A9-C35A-0F47-4A82-0255396415C8">
<hideElementsInCurrentOnly>false</hideElementsInCurrentOnly>
<bounds x="822" y="544" width="116" height="85"/>
</OView>
<OView class="oracle.dbtools.crest.swingui.relational.TVTable" oid="711A6154-EFED-8737-D650-B58F975CB320" otype="Table" vid="398395F7-2F47-A2AD-E844-B7F2D6BB2D76">
<hideElementsInCurrentOnly>false</hideElementsInCurrentOnly>
<bounds x="182" y="699" width="170" height="110"/>
</OView>
<OView class="oracle.dbtools.crest.swingui.relational.TVTable" oid="7723B3BB-5BAB-3B05-A14F-4A6BD3556AB1" otype="Table" vid="C281190C-0B93-8FBC-73A2-0AB2DD1F3DF6">
<hideElementsInCurrentOnly>false</hideElementsInCurrentOnly>
<bounds x="239" y="330" width="226" height="114"/>
</OView>
<OView class="oracle.dbtools.crest.swingui.relational.TVTable" oid="797AEDE0-9537-8A8C-B98F-AEEE5D421002" otype="Table" vid="590AECA4-C8B7-F724-6564-E2E81E92E8FE">
<hideElementsInCurrentOnly>false</hideElementsInCurrentOnly>
<bounds x="361" y="533" width="170" height="110"/>
</OView>
<OView class="oracle.dbtools.crest.swingui.relational.TVTable" oid="85D32833-1233-7AD4-488A-2CEE0B6A4063" otype="Table" vid="E3C1B31F-8C36-B3D5-5547-CDAFD3969366">
<hideElementsInCurrentOnly>false</hideElementsInCurrentOnly>
<bounds x="879" y="330" width="178" height="112"/>
</OView>
<OView class="oracle.dbtools.crest.swingui.relational.TVTable" oid="8D5BEAF8-FE81-2255-DDB5-F37EE287B334" otype="Table" vid="9753D61A-F584-5E62-0424-60E5B18C8AC5">
<hideElementsInCurrentOnly>false</hideElementsInCurrentOnly>
<bounds x="956" y="185" width="216" height="120"/>
</OView>
<OView class="oracle.dbtools.crest.swingui.relational.TVTable" oid="A35F42B9-2F25-82FA-2CD0-8A1A6FEC33A2" otype="Table" vid="9882EFCA-F6F6-558E-54CE-EF2064E1994E">
<hideElementsInCurrentOnly>false</hideElementsInCurrentOnly>
<bounds x="19" y="315" width="137" height="71"/>
</OView>
<OView class="oracle.dbtools.crest.swingui.relational.TVTable" oid="A9B96F49-4486-38BE-D2BF-42163BFFF8AA" otype="Table" vid="8402D645-5AD9-FD21-3DDF-092BC1C13C97">
<hideElementsInCurrentOnly>false</hideElementsInCurrentOnly>
<bounds x="491" y="202" width="225" height="127"/>
</OView>
<OView class="oracle.dbtools.crest.swingui.relational.TVTable" oid="B0D34301-2B3C-DB02-DFD5-6BAD9E6CB27E" otype="Table" vid="279DD55E-D0C2-7824-055B-93075D9DA07A">
<hideElementsInCurrentOnly>false</hideElementsInCurrentOnly>
<bounds x="441" y="549" width="192" height="125"/>
</OView>
<OView class="oracle.dbtools.crest.swingui.relational.TVTable" oid="B3545230-A748-3786-0CE9-64CD9466708B" otype="Table" vid="DDF27F3E-8E96-B3A9-61FA-7A905D67F2B6">
<hideElementsInCurrentOnly>false</hideElementsInCurrentOnly>
<bounds x="1033" y="573" width="158" height="123"/>
</OView>
<OView class="oracle.dbtools.crest.swingui.relational.TVTable" oid="BD236925-CE0D-551B-EAC7-0B5B9895F093" otype="Table" vid="2A3D4BCE-225C-AAFC-52C7-275DC3F37084">
<hideElementsInCurrentOnly>false</hideElementsInCurrentOnly>
<bounds x="741" y="96" width="170" height="110"/>
</OView>
<OView class="oracle.dbtools.crest.swingui.relational.TVTable" oid="C026E48B-2248-0926-F35E-C6BF9B8674DD" otype="Table" vid="F6E207AD-3645-E87E-9FF2-F2D092DE6204">
<hideElementsInCurrentOnly>false</hideElementsInCurrentOnly>
<bounds x="814" y="634" width="116" height="86"/>
</OView>
<OView class="oracle.dbtools.crest.swingui.relational.TVTable" oid="D16C4907-1DF2-E2CC-9189-27B3B0C11DB3" otype="Table" vid="3C77EC51-F9E8-4C50-0734-0236EB9426E7">
<hideElementsInCurrentOnly>false</hideElementsInCurrentOnly>
<bounds x="198" y="503" width="148" height="73"/>
</OView>
<OView class="oracle.dbtools.crest.swingui.relational.TVTable" oid="D6499C77-685A-5038-5825-39FE8E903C1E" otype="Table" vid="39FF3312-2D92-C43A-BD7D-ACE8E3710532">
<hideElementsInCurrentOnly>false</hideElementsInCurrentOnly>
<bounds x="237" y="16" width="266" height="166"/>
</OView>
<OView class="oracle.dbtools.crest.swingui.relational.TVTable" oid="D7CAC77E-6C7C-93E2-1B22-10B3C822BA52" otype="Table" vid="B0B7355B-64FE-2A5A-BEF2-844FD5C3DC3D">
<hideElementsInCurrentOnly>false</hideElementsInCurrentOnly>
<bounds x="674" y="513" width="299" height="217"/>
</OView>
<OView class="oracle.dbtools.crest.swingui.relational.TVTable" oid="FF488557-FB17-3DCE-6C4D-38968BF27112" otype="Table" vid="C65DECB5-6332-31F3-8073-8CB2C7443ADE">
<hideElementsInCurrentOnly>false</hideElementsInCurrentOnly>
<bounds x="1066" y="18" width="258" height="122"/>
</OView>
</objectViews>
<connectors>
<Connector class="oracle.dbtools.crest.swingui.relational.TVFKRelation" oid="1215DA32-258D-6CA4-A042-69084BBCC834" otype="FKIndexAssociation" vid_source="39FF3312-2D92-C43A-BD7D-ACE8E3710532" vid_target="590AECA4-C8B7-F724-6564-E2E81E92E8FE">
<hideElementsInCurrentOnly>false</hideElementsInCurrentOnly>
<backgroundColor>-16777216</backgroundColor>
<lineWidth>1</lineWidth>
<points>
<point x="432" y="182"/>
<point x="432" y="533"/>
</points>
</Connector>
<Connector class="oracle.dbtools.crest.swingui.relational.TVFKRelation" oid="39BAA7C3-F898-AAC8-5785-E4992E2E0DD7" otype="FKIndexAssociation" vid_source="C281190C-0B93-8FBC-73A2-0AB2DD1F3DF6" vid_target="3C77EC51-F9E8-4C50-0734-0236EB9426E7">
<hideElementsInCurrentOnly>false</hideElementsInCurrentOnly>
<backgroundColor>-16777216</backgroundColor>
<lineWidth>1</lineWidth>
<points>
<point x="292" y="444"/>
<point x="292" y="503"/>
</points>
</Connector>
<Connector class="oracle.dbtools.crest.swingui.relational.TVFKRelation" oid="4C276E2D-5018-A687-DB7F-4AFAA3FBFEB4" otype="FKIndexAssociation" vid_source="B0B7355B-64FE-2A5A-BEF2-844FD5C3DC3D" vid_target="398395F7-2F47-A2AD-E844-B7F2D6BB2D76">
<hideElementsInCurrentOnly>false</hideElementsInCurrentOnly>
<backgroundColor>-16777216</backgroundColor>
<lineWidth>1</lineWidth>
<points>
<point x="674" y="714"/>
<point x="352" y="714"/>
</points>
</Connector>
<Connector class="oracle.dbtools.crest.swingui.relational.TVFKRelation" oid="4ECDB16F-3C3A-C1E7-614C-9F23FB0D3010" otype="FKIndexAssociation" vid_source="B0B7355B-64FE-2A5A-BEF2-844FD5C3DC3D" vid_target="E3C1B31F-8C36-B3D5-5547-CDAFD3969366">
<hideElementsInCurrentOnly>false</hideElementsInCurrentOnly>
<backgroundColor>-16777216</backgroundColor>
<lineWidth>1</lineWidth>
<points>
<point x="926" y="513"/>
<point x="926" y="442"/>
</points>
</Connector>
<Connector class="oracle.dbtools.crest.swingui.relational.TVFKRelation" oid="55212BF5-A732-7A43-B025-63AA98AF7882" otype="FKIndexAssociation" vid_source="9753D61A-F584-5E62-0424-60E5B18C8AC5" vid_target="8402D645-5AD9-FD21-3DDF-092BC1C13C97">
<hideElementsInCurrentOnly>false</hideElementsInCurrentOnly>
<backgroundColor>-16777216</backgroundColor>
<lineWidth>1</lineWidth>
<points>
<point x="956" y="253"/>
<point x="716" y="253"/>
</points>
</Connector>
<Connector class="oracle.dbtools.crest.swingui.relational.TVFKRelation" oid="5950DBD3-6FF5-258D-0CA9-925AD7AB04C5" otype="FKIndexAssociation" vid_source="B0B7355B-64FE-2A5A-BEF2-844FD5C3DC3D" vid_target="154D43A9-C35A-0F47-4A82-0255396415C8">
<hideElementsInCurrentOnly>false</hideElementsInCurrentOnly>
<backgroundColor>-16777216</backgroundColor>
<lineWidth>1</lineWidth>
<points>
<point x="973" y="586"/>
<point x="822" y="586"/>
</points>
</Connector>
<Connector class="oracle.dbtools.crest.swingui.relational.TVFKRelation" oid="73B630BE-BF22-1CDF-2AA0-553CCC893534" otype="FKIndexAssociation" vid_source="C281190C-0B93-8FBC-73A2-0AB2DD1F3DF6" vid_target="9882EFCA-F6F6-558E-54CE-EF2064E1994E">
<hideElementsInCurrentOnly>false</hideElementsInCurrentOnly>
<backgroundColor>-16777216</backgroundColor>
<lineWidth>1</lineWidth>
<points>
<point x="239" y="358"/>
<point x="156" y="358"/>
</points>
</Connector>
<Connector class="oracle.dbtools.crest.swingui.relational.TVFKRelation" oid="78F1A8FF-DA1C-39FD-F235-8BC1B2F6D54C" otype="FKIndexAssociation" vid_source="C281190C-0B93-8FBC-73A2-0AB2DD1F3DF6" vid_target="8F5BBCBD-5875-9AB8-733B-D2E4F47B0298">
<hideElementsInCurrentOnly>false</hideElementsInCurrentOnly>
<backgroundColor>-16777216</backgroundColor>
<lineWidth>1</lineWidth>
<points>
<point x="288" y="330"/>
<point x="288" y="281"/>
</points>
</Connector>
<Connector class="oracle.dbtools.crest.swingui.relational.TVFKRelation" oid="7E89CFCF-2E0A-3A73-543C-4AF070AD2F13" otype="FKIndexAssociation" vid_source="C281190C-0B93-8FBC-73A2-0AB2DD1F3DF6" vid_target="AB365874-AFA6-D032-8B3A-2691CABD4E56">
<hideElementsInCurrentOnly>false</hideElementsInCurrentOnly>
<backgroundColor>-16777216</backgroundColor>
<lineWidth>1</lineWidth>
<points>
<point x="239" y="418"/>
<point x="163" y="418"/>
</points>
</Connector>
<Connector class="oracle.dbtools.crest.swingui.relational.TVFKRelation" oid="7F56D73B-3B3F-9F89-834C-7AFD17386C9D" otype="FKIndexAssociation" vid_source="78C1C47D-3B24-69D3-CADD-4742A26CFBA4" vid_target="398395F7-2F47-A2AD-E844-B7F2D6BB2D76">
<hideElementsInCurrentOnly>false</hideElementsInCurrentOnly>
<backgroundColor>-16777216</backgroundColor>
<lineWidth>1</lineWidth>
<points>
<point x="546" y="453"/>
<point x="318" y="699"/>
</points>
</Connector>
<Connector class="oracle.dbtools.crest.swingui.relational.TVFKRelation" oid="8101670E-6FC6-D64D-ABE5-FC3897493D2E" otype="FKIndexAssociation" vid_source="9753D61A-F584-5E62-0424-60E5B18C8AC5" vid_target="2A3D4BCE-225C-AAFC-52C7-275DC3F37084">
<hideElementsInCurrentOnly>false</hideElementsInCurrentOnly>
<backgroundColor>-16777216</backgroundColor>
<lineWidth>1</lineWidth>
<points>
<point x="956" y="195"/>
<point x="911" y="195"/>
</points>
</Connector>
<Connector class="oracle.dbtools.crest.swingui.relational.TVFKRelation" oid="88D57B4B-1923-0BE2-F004-65FBACAED400" otype="FKIndexAssociation" vid_source="279DD55E-D0C2-7824-055B-93075D9DA07A" vid_target="78C1C47D-3B24-69D3-CADD-4742A26CFBA4">
<hideElementsInCurrentOnly>false</hideElementsInCurrentOnly>
<backgroundColor>-16777216</backgroundColor>
<lineWidth>1</lineWidth>
<points>
<point x="540" y="549"/>
<point x="540" y="500"/>
<point x="540" y="453"/>
</points>
</Connector>
<Connector class="oracle.dbtools.crest.swingui.relational.TVFKRelation" oid="9FD4BDE8-A3EA-A020-CC19-B7EFC242DEAC" otype="FKIndexAssociation" vid_source="39FF3312-2D92-C43A-BD7D-ACE8E3710532" vid_target="2A3D4BCE-225C-AAFC-52C7-275DC3F37084">
<hideElementsInCurrentOnly>false</hideElementsInCurrentOnly>
<backgroundColor>-16777216</backgroundColor>
<lineWidth>1</lineWidth>
<points>
<point x="503" y="139"/>
<point x="741" y="139"/>
</points>
</Connector>
<Connector class="oracle.dbtools.crest.swingui.relational.TVFKRelation" oid="B20CE79F-F5F0-E751-5A39-020EFD5387AD" otype="FKIndexAssociation" vid_source="B0B7355B-64FE-2A5A-BEF2-844FD5C3DC3D" vid_target="DDF27F3E-8E96-B3A9-61FA-7A905D67F2B6">
<hideElementsInCurrentOnly>false</hideElementsInCurrentOnly>
<backgroundColor>-16777216</backgroundColor>
<lineWidth>1</lineWidth>
<points>
<point x="973" y="634"/>
<point x="1033" y="634"/>
</points>
</Connector>
<Connector class="oracle.dbtools.crest.swingui.relational.TVFKRelation" oid="B3ED0717-4C37-205E-A52B-A0D962595D6B" otype="FKIndexAssociation" vid_source="39FF3312-2D92-C43A-BD7D-ACE8E3710532" vid_target="C65DECB5-6332-31F3-8073-8CB2C7443ADE">
<hideElementsInCurrentOnly>false</hideElementsInCurrentOnly>
<backgroundColor>-16777216</backgroundColor>
<lineWidth>1</lineWidth>
<points>
<point x="503" y="79"/>
<point x="1066" y="79"/>
</points>
</Connector>
<Connector class="oracle.dbtools.crest.swingui.relational.TVFKRelation" oid="B4A7A940-1F2C-FA14-374C-50A9F90679FA" otype="FKIndexAssociation" vid_source="B0B7355B-64FE-2A5A-BEF2-844FD5C3DC3D" vid_target="BB55BF9B-5EDC-E9BF-4F93-D665CB83CDFB">
<hideElementsInCurrentOnly>false</hideElementsInCurrentOnly>
<backgroundColor>-16777216</backgroundColor>
<lineWidth>1</lineWidth>
<points>
<point x="973" y="673"/>
<point x="692" y="673"/>
</points>
</Connector>
<Connector class="oracle.dbtools.crest.swingui.relational.TVFKRelation" oid="B9EAD5C9-788C-3F75-5C22-ED6858DF6730" otype="FKIndexAssociation" vid_source="6597148D-05FB-39BA-8C11-D826F9E597DF" vid_target="C65DECB5-6332-31F3-8073-8CB2C7443ADE">
<hideElementsInCurrentOnly>false</hideElementsInCurrentOnly>
<backgroundColor>-16777216</backgroundColor>
<lineWidth>1</lineWidth>
<points>
<point x="1223" y="379"/>
<point x="1223" y="140"/>
</points>
</Connector>
<Connector class="oracle.dbtools.crest.swingui.relational.TVFKRelation" oid="BFA9FF20-A660-4BB5-D699-FD35704B187A" otype="FKIndexAssociation" vid_source="8402D645-5AD9-FD21-3DDF-092BC1C13C97" vid_target="E3C1B31F-8C36-B3D5-5547-CDAFD3969366">
<hideElementsInCurrentOnly>false</hideElementsInCurrentOnly>
<backgroundColor>-16777216</backgroundColor>
<lineWidth>1</lineWidth>
<points>
<point x="716" y="302"/>
<point x="879" y="356"/>
</points>
</Connector>
<Connector class="oracle.dbtools.crest.swingui.relational.TVFKRelation" oid="C5E1640D-EC1D-DB8F-41E4-12FD2310C810" otype="FKIndexAssociation" vid_source="B0B7355B-64FE-2A5A-BEF2-844FD5C3DC3D" vid_target="F6E207AD-3645-E87E-9FF2-F2D092DE6204">
<hideElementsInCurrentOnly>false</hideElementsInCurrentOnly>
<backgroundColor>-16777216</backgroundColor>
<lineWidth>1</lineWidth>
<points>
<point x="973" y="692"/>
<point x="814" y="692"/>
</points>
</Connector>
<Connector class="oracle.dbtools.crest.swingui.relational.TVFKRelation" oid="CCE75171-EF8B-B4A1-105A-34C38DAE95A3" otype="FKIndexAssociation" vid_source="9753D61A-F584-5E62-0424-60E5B18C8AC5" vid_target="6597148D-05FB-39BA-8C11-D826F9E597DF">
<hideElementsInCurrentOnly>false</hideElementsInCurrentOnly>
<backgroundColor>-16777216</backgroundColor>
<lineWidth>1</lineWidth>
<points>
<point x="1172" y="214"/>
<point x="1302" y="214"/>
<point x="1302" y="379"/>
</points>
</Connector>
<Connector class="oracle.dbtools.crest.swingui.relational.TVFKRelation" oid="D67F6ABF-895C-38AB-0A55-D1D9579FEB41" otype="FKIndexAssociation" vid_source="78C1C47D-3B24-69D3-CADD-4742A26CFBA4" vid_target="E3C1B31F-8C36-B3D5-5547-CDAFD3969366">
<hideElementsInCurrentOnly>false</hideElementsInCurrentOnly>
<backgroundColor>-16777216</backgroundColor>
<lineWidth>1</lineWidth>
<points>
<point x="715" y="386"/>
<point x="879" y="386"/>
</points>
</Connector>
<Connector class="oracle.dbtools.crest.swingui.relational.TVFKRelation" oid="F68194DF-E921-20D9-2AE4-F012D12E0994" otype="FKIndexAssociation" vid_source="E3C1B31F-8C36-B3D5-5547-CDAFD3969366" vid_target="590AECA4-C8B7-F724-6564-E2E81E92E8FE">
<hideElementsInCurrentOnly>false</hideElementsInCurrentOnly>
<backgroundColor>-16777216</backgroundColor>
<lineWidth>1</lineWidth>
<points>
<point x="879" y="442"/>
<point x="531" y="559"/>
</points>
</Connector>
<Connector class="oracle.dbtools.crest.swingui.relational.TVFKRelation" oid="FEC256A3-940C-50AF-BB22-4538C42F302E" otype="FKIndexAssociation" vid_source="78C1C47D-3B24-69D3-CADD-4742A26CFBA4" vid_target="C281190C-0B93-8FBC-73A2-0AB2DD1F3DF6">
<hideElementsInCurrentOnly>false</hideElementsInCurrentOnly>
<backgroundColor>-16777216</backgroundColor>
<lineWidth>1</lineWidth>
<points>
<point x="491" y="387"/>
<point x="465" y="387"/>
</points>
</Connector>
</connectors>
<arcs>
<Arc class="oracle.dbtools.crest.swingui.relational.TVFKArc" oid="609A86F0-22E6-A3CC-F7A5-B92D2B035E1F" otype="FKArc" vid="1F104C5D-4FF3-6FFD-3499-F17528FA79C4">
<hideElementsInCurrentOnly>false</hideElementsInCurrentOnly>
<bounds x="654" y="493" width="339" height="257"/>
</Arc>
<Arc class="oracle.dbtools.crest.swingui.relational.TVFKArc" oid="A6E78F1E-D498-B0A8-6963-724819C4D418" otype="FKArc" vid="D20AA785-6A6B-14A2-5AB6-323A69DA3296">
<hideElementsInCurrentOnly>false</hideElementsInCurrentOnly>
<bounds x="219" y="310" width="266" height="154"/>
</Arc>
</arcs>
</Diagram>
