<?xml version = '1.0' encoding = 'UTF-8'?>
<Table class="oracle.dbtools.crest.model.design.relational.Table" directorySegmentName="seg_0" id="0A2603F9-C2B7-2D9A-E527-6FB5B1A7A534" name="enlisted">
<createdBy>bayua</createdBy>
<createdTime>2024-05-29 08:14:03 UTC</createdTime>
<generatorID>3C338936-A8E6-822A-E525-BD6722F45B78</generatorID>
<ownerDesignName>C4ISR System Database Concept with Human Machine Collaboration for Dual-Purpose</ownerDesignName>
<allowColumnReorder>false</allowColumnReorder>
<existDependencyGenerateInDDl>true</existDependencyGenerateInDDl>
<parsed>true</parsed>
<columns itemClass="oracle.dbtools.crest.model.design.relational.Column">
<Column name="personnel_id" id="7C062144-5E63-B411-F05D-E75A0F4A7EB8">
<createdBy>bayua</createdBy>
<createdTime>2024-05-29 08:14:03 UTC</createdTime>
<generatorID>C368A1C0-63DC-FE58-17E8-4F8DD4A32F01</generatorID>
<ownerDesignName>C4ISR System Database Concept with Human Machine Collaboration for Dual-Purpose</ownerDesignName>
<useDomainConstraints>false</useDomainConstraints>
<use>1</use>
<logicalDatatype>LOGDT024</logicalDatatype>
<dataTypeSize>30</dataTypeSize>
<ownDataTypeParameters>,,</ownDataTypeParameters>
<autoIncrementCycle>false</autoIncrementCycle>
<associations>
<colAssociation fkAssociation="B4A7A940-1F2C-FA14-374C-50A9F90679FA" referredColumn="0DA4055A-8663-CBD0-2BFB-639890206289"/>
</associations>
</Column>
<Column name="Enlist_ID" id="45948BAA-3FB9-C2D6-45B1-1D0639F2429A">
<createdBy>bayua</createdBy>
<createdTime>2024-05-29 08:14:03 UTC</createdTime>
<generatorID>E6165AC7-83AA-3A61-CD63-DD2AD547D1D5</generatorID>
<ownerDesignName>C4ISR System Database Concept with Human Machine Collaboration for Dual-Purpose</ownerDesignName>
<useDomainConstraints>false</useDomainConstraints>
<use>1</use>
<logicalDatatype>LOGDT024</logicalDatatype>
<dataTypeSize>30</dataTypeSize>
<ownDataTypeParameters>30,,</ownDataTypeParameters>
<autoIncrementCycle>false</autoIncrementCycle>
</Column>
<Column name="Personnel_name" id="35D0D300-B667-8155-EC01-35A33440CC51">
<createdBy>bayua</createdBy>
<createdTime>2024-05-29 08:14:03 UTC</createdTime>
<generatorID>64871677-3132-511D-CBDB-626BDFB4E7F4</generatorID>
<ownerDesignName>C4ISR System Database Concept with Human Machine Collaboration for Dual-Purpose</ownerDesignName>
<useDomainConstraints>false</useDomainConstraints>
<use>1</use>
<logicalDatatype>A3A3C77D-0366-9768-FF89-1C25E56881C8</logicalDatatype>
<ownDataTypeParameters>,,</ownDataTypeParameters>
<autoIncrementCycle>false</autoIncrementCycle>
</Column>
<Column name="rank" id="1E30F1C3-6DE9-E183-7586-2ED175EC70F6">
<createdBy>bayua</createdBy>
<createdTime>2024-05-29 08:14:03 UTC</createdTime>
<generatorID>69216AE1-A8F4-0368-2331-361A17BCA98A</generatorID>
<ownerDesignName>C4ISR System Database Concept with Human Machine Collaboration for Dual-Purpose</ownerDesignName>
<useDomainConstraints>false</useDomainConstraints>
<use>1</use>
<logicalDatatype>LOGDT024</logicalDatatype>
<dataTypeSize>30</dataTypeSize>
<ownDataTypeParameters>30,,</ownDataTypeParameters>
<autoIncrementCycle>false</autoIncrementCycle>
</Column>
<Column name="Active_Date" id="CD106740-0A15-50C2-0893-9DCFC1F5454A">
<createdBy>bayua</createdBy>
<createdTime>2024-05-29 08:14:03 UTC</createdTime>
<generatorID>A10F2A7F-27C7-6ABC-6C76-A1738BAC05BD</generatorID>
<ownerDesignName>C4ISR System Database Concept with Human Machine Collaboration for Dual-Purpose</ownerDesignName>
<nullsAllowed>true</nullsAllowed>
<useDomainConstraints>false</useDomainConstraints>
<use>1</use>
<logicalDatatype>LOGDT007</logicalDatatype>
<ownDataTypeParameters>,,</ownDataTypeParameters>
<autoIncrementCycle>false</autoIncrementCycle>
</Column>
</columns>
<indexes itemClass="oracle.dbtools.crest.model.design.relational.Index">
<ind_PK_UK id="E8C8C51A-7684-FBA4-CA5E-DC20416EC08A" name="enlisted_personnel_PK">
<createdBy>bayua</createdBy>
<createdTime>2024-05-29 08:14:03 UTC</createdTime>
<generatorID>0E555CFD-8041-6A9E-7EA8-BD127F0D9436</generatorID>
<ownerDesignName>C4ISR System Database Concept with Human Machine Collaboration for Dual-Purpose</ownerDesignName>
<pk>true</pk>
<indexState>Primary Constraint</indexState>
<isSurrogateKey>false</isSurrogateKey>
<indexColumnUsage>
<colUsage columnID="7C062144-5E63-B411-F05D-E75A0F4A7EB8"/>
</indexColumnUsage>
</ind_PK_UK>
<ind_PK_UK id="78E00CE9-084B-B91C-842B-D7D8C624463A" name="enlisted_personnel_PKv1">
<createdBy>bayua</createdBy>
<createdTime>2024-05-29 08:14:03 UTC</createdTime>
<generatorID>931C1BC9-24E5-D914-FC91-A00A71267DD6</generatorID>
<ownerDesignName>C4ISR System Database Concept with Human Machine Collaboration for Dual-Purpose</ownerDesignName>
<indexState>Unique Constraint</indexState>
<isSurrogateKey>false</isSurrogateKey>
<indexColumnUsage>
<colUsage columnID="45948BAA-3FB9-C2D6-45B1-1D0639F2429A"/>
</indexColumnUsage>
</ind_PK_UK>
<ind_PK_UK id="C3A18CE3-5C58-EDCF-DC0A-E78960BEA542" name="enlisted_personnel_Personnel_FK">
<createdBy>bayua</createdBy>
<createdTime>2024-05-29 08:14:03 UTC</createdTime>
<generatorID>F8F289DA-AF00-CDE2-E7A7-36AB30DB0D32</generatorID>
<ownerDesignName>C4ISR System Database Concept with Human Machine Collaboration for Dual-Purpose</ownerDesignName>
<indexState>Foreign Key</indexState>
<isSurrogateKey>false</isSurrogateKey>
<indexColumnUsage>
<colUsage columnID="7C062144-5E63-B411-F05D-E75A0F4A7EB8"/>
</indexColumnUsage>
</ind_PK_UK>
</indexes>
</Table>
