<?xml version = '1.0' encoding = 'UTF-8'?>
<Table class="oracle.dbtools.crest.model.design.relational.Table" directorySegmentName="seg_0" id="256EC1E0-4551-0599-2487-3C456BA2646E" name="Login">
<createdBy>bayua</createdBy>
<createdTime>2024-06-19 15:06:25 UTC</createdTime>
<generatorID>44D109DF-3FF9-A887-D73A-DA2DB38D6F07</generatorID>
<ownerDesignName>C4ISR System Database Concept with Human Machine Collaboration for Dual-Purpose</ownerDesignName>
<allowColumnReorder>false</allowColumnReorder>
<existDependencyGenerateInDDl>true</existDependencyGenerateInDDl>
<parsed>true</parsed>
<columns itemClass="oracle.dbtools.crest.model.design.relational.Column">
<Column name="login_id" id="B7E2294C-A472-B5F3-53FC-B9433BBEE113">
<createdBy>bayua</createdBy>
<createdTime>2024-06-19 15:06:25 UTC</createdTime>
<generatorID>916C246F-A65D-060E-44EC-70DB83591DB1</generatorID>
<ownerDesignName>C4ISR System Database Concept with Human Machine Collaboration for Dual-Purpose</ownerDesignName>
<useDomainConstraints>false</useDomainConstraints>
<use>1</use>
<logicalDatatype>LOGDT011</logicalDatatype>
<ownDataTypeParameters>,,</ownDataTypeParameters>
<autoIncrementCycle>false</autoIncrementCycle>
</Column>
<Column name="name" id="FBEDE1E2-4496-0411-585E-25CB690F0545">
<createdBy>bayua</createdBy>
<createdTime>2024-06-19 15:06:25 UTC</createdTime>
<generatorID>AD0B3E6C-397B-F616-C8F3-503CEE1C98CA</generatorID>
<ownerDesignName>C4ISR System Database Concept with Human Machine Collaboration for Dual-Purpose</ownerDesignName>
<useDomainConstraints>false</useDomainConstraints>
<use>1</use>
<logicalDatatype>LOGDT024</logicalDatatype>
<dataTypeSize>100</dataTypeSize>
<ownDataTypeParameters>100,,</ownDataTypeParameters>
<autoIncrementCycle>false</autoIncrementCycle>
</Column>
<Column name="username" id="67B7E0A1-3701-EE55-D401-549077454AE9">
<createdBy>bayua</createdBy>
<createdTime>2024-06-19 15:06:25 UTC</createdTime>
<generatorID>ED732217-FEF8-6F20-A132-B1D9B57B1FA1</generatorID>
<ownerDesignName>C4ISR System Database Concept with Human Machine Collaboration for Dual-Purpose</ownerDesignName>
<useDomainConstraints>false</useDomainConstraints>
<use>1</use>
<logicalDatatype>LOGDT024</logicalDatatype>
<dataTypeSize>50</dataTypeSize>
<ownDataTypeParameters>50,,</ownDataTypeParameters>
<autoIncrementCycle>false</autoIncrementCycle>
</Column>
<Column name="email" id="8BAD144D-B4F4-E73E-5D2D-3502B41672F0">
<createdBy>bayua</createdBy>
<createdTime>2024-06-19 15:06:25 UTC</createdTime>
<generatorID>C6EB5639-373C-ACDA-FDAA-75B02D7DDD39</generatorID>
<ownerDesignName>C4ISR System Database Concept with Human Machine Collaboration for Dual-Purpose</ownerDesignName>
<useDomainConstraints>false</useDomainConstraints>
<use>1</use>
<logicalDatatype>LOGDT024</logicalDatatype>
<dataTypeSize>100</dataTypeSize>
<ownDataTypeParameters>100,,</ownDataTypeParameters>
<autoIncrementCycle>false</autoIncrementCycle>
</Column>
<Column name="password" id="506F46E0-BEB5-CB4D-C441-E8C922425427">
<createdBy>bayua</createdBy>
<createdTime>2024-06-19 15:06:25 UTC</createdTime>
<generatorID>EE655C9D-F9A1-00D6-5111-7230B09DD371</generatorID>
<ownerDesignName>C4ISR System Database Concept with Human Machine Collaboration for Dual-Purpose</ownerDesignName>
<useDomainConstraints>false</useDomainConstraints>
<use>1</use>
<logicalDatatype>LOGDT024</logicalDatatype>
<dataTypeSize>100</dataTypeSize>
<ownDataTypeParameters>100,,</ownDataTypeParameters>
<autoIncrementCycle>false</autoIncrementCycle>
</Column>
</columns>
<indexes itemClass="oracle.dbtools.crest.model.design.relational.Index">
<ind_PK_UK id="19F28D3D-1B46-D522-D977-B057F8342A4C" name="Login_PK">
<createdBy>bayua</createdBy>
<createdTime>2024-06-19 15:06:25 UTC</createdTime>
<generatorID>902581D7-3A72-60B0-E33F-BFCCFF5A0CB3</generatorID>
<ownerDesignName>C4ISR System Database Concept with Human Machine Collaboration for Dual-Purpose</ownerDesignName>
<pk>true</pk>
<indexState>Primary Constraint</indexState>
<isSurrogateKey>false</isSurrogateKey>
<indexColumnUsage>
<colUsage columnID="B7E2294C-A472-B5F3-53FC-B9433BBEE113"/>
</indexColumnUsage>
</ind_PK_UK>
</indexes>
</Table>
