<?xml version = '1.0' encoding = 'UTF-8'?>
<Table class="oracle.dbtools.crest.model.design.relational.Table" directorySegmentName="seg_0" id="711A6154-EFED-8737-D650-B58F975CB320" name="Relation_11">
<createdBy>bayua</createdBy>
<createdTime>2024-05-29 08:14:03 UTC</createdTime>
<ownerDesignName>C4ISR System Database Concept with Human Machine Collaboration for Dual-Purpose</ownerDesignName>
<allowColumnReorder>false</allowColumnReorder>
<existDependencyGenerateInDDl>true</existDependencyGenerateInDDl>
<parsed>true</parsed>
<columns itemClass="oracle.dbtools.crest.model.design.relational.Column">
<Column name="Platforms_platform_id" id="A5C611EA-3A46-BA07-803D-C1AC27D208D1">
<createdBy>bayua</createdBy>
<createdTime>2024-05-29 08:14:03 UTC</createdTime>
<ownerDesignName>C4ISR System Database Concept with Human Machine Collaboration for Dual-Purpose</ownerDesignName>
<useDomainConstraints>false</useDomainConstraints>
<use>1</use>
<logicalDatatype>LOGDT024</logicalDatatype>
<dataTypeSize>30</dataTypeSize>
<ownDataTypeParameters>,,</ownDataTypeParameters>
<previousColumn>false</previousColumn>
<autoIncrementCycle>false</autoIncrementCycle>
<associations>
<colAssociation fkAssociation="7F56D73B-3B3F-9F89-834C-7AFD17386C9D" referredColumn="0A66D412-4128-C78A-4A5F-234385282802"/>
</associations>
</Column>
<Column name="Personnel_personnel_id" id="491125C1-206B-878F-920F-17615319DF6B">
<createdBy>bayua</createdBy>
<createdTime>2024-05-29 08:14:03 UTC</createdTime>
<ownerDesignName>C4ISR System Database Concept with Human Machine Collaboration for Dual-Purpose</ownerDesignName>
<useDomainConstraints>false</useDomainConstraints>
<use>1</use>
<logicalDatatype>LOGDT024</logicalDatatype>
<dataTypeSize>30</dataTypeSize>
<ownDataTypeParameters>,,</ownDataTypeParameters>
<previousColumn>false</previousColumn>
<autoIncrementCycle>false</autoIncrementCycle>
<associations>
<colAssociation fkAssociation="4C276E2D-5018-A687-DB7F-4AFAA3FBFEB4" referredColumn="0DA4055A-8663-CBD0-2BFB-639890206289"/>
</associations>
</Column>
</columns>
<indexes itemClass="oracle.dbtools.crest.model.design.relational.Index">
<ind_PK_UK id="3DD59F6E-9A67-8735-2571-D4CAA59EE7F2" name="Relation_11_PK">
<createdBy>bayua</createdBy>
<createdTime>2024-05-29 08:14:03 UTC</createdTime>
<ownerDesignName>C4ISR System Database Concept with Human Machine Collaboration for Dual-Purpose</ownerDesignName>
<pk>true</pk>
<indexState>Primary Constraint</indexState>
<isSurrogateKey>false</isSurrogateKey>
<indexColumnUsage>
<colUsage columnID="A5C611EA-3A46-BA07-803D-C1AC27D208D1"/>
<colUsage columnID="491125C1-206B-878F-920F-17615319DF6B"/>
</indexColumnUsage>
</ind_PK_UK>
<ind_PK_UK id="AABA34E9-1FB6-2A61-40E7-612E54AA1170" name="Relation_11_Platforms_FK">
<createdBy>bayua</createdBy>
<createdTime>2024-05-29 08:14:03 UTC</createdTime>
<generatorID>3C5BB3DB-81AE-F551-57F8-FC7C43275143</generatorID>
<ownerDesignName>C4ISR System Database Concept with Human Machine Collaboration for Dual-Purpose</ownerDesignName>
<indexState>Foreign Key</indexState>
<isSurrogateKey>false</isSurrogateKey>
<indexColumnUsage>
<colUsage columnID="A5C611EA-3A46-BA07-803D-C1AC27D208D1"/>
</indexColumnUsage>
</ind_PK_UK>
<ind_PK_UK id="3A8E4407-D81F-6F6E-85F4-9A034A9A8130" name="Relation_11_Personnel_FK">
<createdBy>bayua</createdBy>
<createdTime>2024-05-29 08:14:03 UTC</createdTime>
<generatorID>3C5BB3DB-81AE-F551-57F8-FC7C43275143</generatorID>
<ownerDesignName>C4ISR System Database Concept with Human Machine Collaboration for Dual-Purpose</ownerDesignName>
<indexState>Foreign Key</indexState>
<isSurrogateKey>false</isSurrogateKey>
<indexColumnUsage>
<colUsage columnID="491125C1-206B-878F-920F-17615319DF6B"/>
</indexColumnUsage>
</ind_PK_UK>
</indexes>
</Table>
