<?xml version = '1.0' encoding = 'UTF-8'?>
<Table class="oracle.dbtools.crest.model.design.relational.Table" directorySegmentName="seg_0" id="7723B3BB-5BAB-3B05-A14F-4A6BD3556AB1" name="Communication_Log">
<createdBy>bayua</createdBy>
<createdTime>2024-05-29 08:14:03 UTC</createdTime>
<generatorID>9CF1A7E9-3595-0111-FE85-55A86A3A7CCC</generatorID>
<ownerDesignName>C4ISR System Database Concept with Human Machine Collaboration for Dual-Purpose</ownerDesignName>
<allowColumnReorder>false</allowColumnReorder>
<existDependencyGenerateInDDl>true</existDependencyGenerateInDDl>
<parsed>true</parsed>
<columns itemClass="oracle.dbtools.crest.model.design.relational.Column">
<Column name="comm_id" id="C5608661-CFD7-48BA-1E2C-7F43FEB69771">
<createdBy>bayua</createdBy>
<createdTime>2024-05-29 08:14:03 UTC</createdTime>
<generatorID>A0C6CD32-257B-6A8D-3CA4-65D15B9D30A5</generatorID>
<ownerDesignName>C4ISR System Database Concept with Human Machine Collaboration for Dual-Purpose</ownerDesignName>
<useDomainConstraints>false</useDomainConstraints>
<use>1</use>
<logicalDatatype>LOGDT024</logicalDatatype>
<dataTypeSize>30</dataTypeSize>
<ownDataTypeParameters>30,,</ownDataTypeParameters>
<autoIncrementCycle>false</autoIncrementCycle>
</Column>
<Column name="message" id="BF535935-E95F-661C-3991-95F1AEF96B4B">
<createdBy>bayua</createdBy>
<createdTime>2024-05-29 08:14:03 UTC</createdTime>
<generatorID>4FB804F9-4644-ECA5-CE86-7AB0258D3185</generatorID>
<ownerDesignName>C4ISR System Database Concept with Human Machine Collaboration for Dual-Purpose</ownerDesignName>
<useDomainConstraints>false</useDomainConstraints>
<use>1</use>
<logicalDatatype>LOGDT040</logicalDatatype>
<ownDataTypeParameters>,,</ownDataTypeParameters>
<autoIncrementCycle>false</autoIncrementCycle>
</Column>
<Column name="Platforms_platform_id" id="9F6A6787-1D10-37A3-A5B4-170ED726CD9E">
<createdBy>bayua</createdBy>
<createdTime>2024-05-29 08:14:03 UTC</createdTime>
<generatorID>D0F1D2A8-391E-6CAE-0E3C-CA0BFBA3B933</generatorID>
<ownerDesignName>C4ISR System Database Concept with Human Machine Collaboration for Dual-Purpose</ownerDesignName>
<useDomainConstraints>false</useDomainConstraints>
<use>1</use>
<logicalDatatype>LOGDT024</logicalDatatype>
<dataTypeSize>30</dataTypeSize>
<ownDataTypeParameters>30,,</ownDataTypeParameters>
<previousColumn>false</previousColumn>
<autoIncrementCycle>false</autoIncrementCycle>
<associations>
<colAssociation fkAssociation="FEC256A3-940C-50AF-BB22-4538C42F302E" referredColumn="0A66D412-4128-C78A-4A5F-234385282802"/>
</associations>
</Column>
</columns>
<indexes itemClass="oracle.dbtools.crest.model.design.relational.Index">
<ind_PK_UK id="C974C91D-7C9F-A9A1-B167-85119B728084" name="Communication_Log_PK">
<createdBy>bayua</createdBy>
<createdTime>2024-05-29 08:14:03 UTC</createdTime>
<generatorID>ED5590B9-5EE1-9D0D-33AF-9101746A847F</generatorID>
<ownerDesignName>C4ISR System Database Concept with Human Machine Collaboration for Dual-Purpose</ownerDesignName>
<pk>true</pk>
<indexState>Primary Constraint</indexState>
<isSurrogateKey>false</isSurrogateKey>
<indexColumnUsage>
<colUsage columnID="C5608661-CFD7-48BA-1E2C-7F43FEB69771"/>
</indexColumnUsage>
</ind_PK_UK>
<ind_PK_UK id="2C534179-C065-46CE-AD63-AC330EDAB142" name="Communication_Log__IDX">
<createdBy>bayua</createdBy>
<createdTime>2024-05-29 08:14:03 UTC</createdTime>
<ownerDesignName>C4ISR System Database Concept with Human Machine Collaboration for Dual-Purpose</ownerDesignName>
<indexState>Unique Plain Index</indexState>
<isSurrogateKey>false</isSurrogateKey>
<relationGeneratorID>F81677CB-2052-1C68-620C-FB99767281C5</relationGeneratorID>
<indexColumnUsage>
<colUsage columnID="9F6A6787-1D10-37A3-A5B4-170ED726CD9E"/>
</indexColumnUsage>
</ind_PK_UK>
<ind_PK_UK id="C2DA237E-603C-F1FB-0FE3-FC39B1A0A740" name="Communication_Log_Platforms_FK">
<createdBy>bayua</createdBy>
<createdTime>2024-05-29 08:14:03 UTC</createdTime>
<generatorID>F81677CB-2052-1C68-620C-FB99767281C5</generatorID>
<ownerDesignName>C4ISR System Database Concept with Human Machine Collaboration for Dual-Purpose</ownerDesignName>
<indexState>Foreign Key</indexState>
<isSurrogateKey>false</isSurrogateKey>
<indexColumnUsage>
<colUsage columnID="9F6A6787-1D10-37A3-A5B4-170ED726CD9E"/>
</indexColumnUsage>
</ind_PK_UK>
</indexes>
</Table>
