<?xml version = '1.0' encoding = 'UTF-8'?>
<Table class="oracle.dbtools.crest.model.design.relational.Table" directorySegmentName="seg_0" id="797AEDE0-9537-8A8C-B98F-AEEE5D421002" name="Relation_10">
<createdBy>bayua</createdBy>
<createdTime>2024-05-29 08:14:03 UTC</createdTime>
<ownerDesignName>C4ISR System Database Concept with Human Machine Collaboration for Dual-Purpose</ownerDesignName>
<allowColumnReorder>false</allowColumnReorder>
<existDependencyGenerateInDDl>true</existDependencyGenerateInDDl>
<parsed>true</parsed>
<columns itemClass="oracle.dbtools.crest.model.design.relational.Column">
<Column name="Users_user_id" id="8E81B7E7-E988-37D4-65EB-2B125C7C0AAA">
<createdBy>bayua</createdBy>
<createdTime>2024-05-29 08:14:03 UTC</createdTime>
<ownerDesignName>C4ISR System Database Concept with Human Machine Collaboration for Dual-Purpose</ownerDesignName>
<useDomainConstraints>false</useDomainConstraints>
<use>1</use>
<logicalDatatype>LOGDT024</logicalDatatype>
<dataTypeSize>30</dataTypeSize>
<ownDataTypeParameters>,,</ownDataTypeParameters>
<previousColumn>false</previousColumn>
<autoIncrementCycle>false</autoIncrementCycle>
<associations>
<colAssociation fkAssociation="1215DA32-258D-6CA4-A042-69084BBCC834" referredColumn="F5DA2F31-8136-9A75-E693-3220FD9A0195"/>
</associations>
</Column>
<Column name="Maintenance_Logs_maintenance_id" id="787B12E5-5072-4DEA-AEC9-73FA12732DE7">
<createdBy>bayua</createdBy>
<createdTime>2024-05-29 08:14:03 UTC</createdTime>
<ownerDesignName>C4ISR System Database Concept with Human Machine Collaboration for Dual-Purpose</ownerDesignName>
<useDomainConstraints>false</useDomainConstraints>
<use>1</use>
<ownDataTypeParameters>,,</ownDataTypeParameters>
<previousColumn>false</previousColumn>
<autoIncrementCycle>false</autoIncrementCycle>
<associations>
<colAssociation fkAssociation="F68194DF-E921-20D9-2AE4-F012D12E0994" referredColumn="A0ADE86E-41B9-E98D-B4A9-43DC770EB043"/>
</associations>
</Column>
<Column name="Maintenance_Logs_platform_id" id="02A17712-DD32-5245-04E0-FBEF8C2DEA29">
<createdBy>bayua</createdBy>
<createdTime>2024-05-29 08:14:03 UTC</createdTime>
<ownerDesignName>C4ISR System Database Concept with Human Machine Collaboration for Dual-Purpose</ownerDesignName>
<useDomainConstraints>false</useDomainConstraints>
<use>1</use>
<logicalDatatype>LOGDT024</logicalDatatype>
<dataTypeSize>30</dataTypeSize>
<ownDataTypeParameters>,,</ownDataTypeParameters>
<previousColumn>false</previousColumn>
<autoIncrementCycle>false</autoIncrementCycle>
<associations>
<colAssociation fkAssociation="F68194DF-E921-20D9-2AE4-F012D12E0994" referredColumn="14FAC73D-AA59-FA7A-97DD-CB14C0FD87A3"/>
</associations>
</Column>
</columns>
<indexes itemClass="oracle.dbtools.crest.model.design.relational.Index">
<ind_PK_UK id="70834533-C394-4A9F-30D0-B9CC8B621BDB" name="Relation_10_PK">
<createdBy>bayua</createdBy>
<createdTime>2024-05-29 08:14:03 UTC</createdTime>
<ownerDesignName>C4ISR System Database Concept with Human Machine Collaboration for Dual-Purpose</ownerDesignName>
<pk>true</pk>
<indexState>Primary Constraint</indexState>
<isSurrogateKey>false</isSurrogateKey>
<indexColumnUsage>
<colUsage columnID="8E81B7E7-E988-37D4-65EB-2B125C7C0AAA"/>
<colUsage columnID="787B12E5-5072-4DEA-AEC9-73FA12732DE7"/>
<colUsage columnID="02A17712-DD32-5245-04E0-FBEF8C2DEA29"/>
</indexColumnUsage>
</ind_PK_UK>
<ind_PK_UK id="306FD9ED-4356-AD92-3B7A-E18FC680B6D8" name="Relation_10_Users_FK">
<createdBy>bayua</createdBy>
<createdTime>2024-05-29 08:14:03 UTC</createdTime>
<generatorID>B56E9B3E-028B-F161-1FE6-DBE741054D39</generatorID>
<ownerDesignName>C4ISR System Database Concept with Human Machine Collaboration for Dual-Purpose</ownerDesignName>
<indexState>Foreign Key</indexState>
<isSurrogateKey>false</isSurrogateKey>
<indexColumnUsage>
<colUsage columnID="8E81B7E7-E988-37D4-65EB-2B125C7C0AAA"/>
</indexColumnUsage>
</ind_PK_UK>
<ind_PK_UK id="5062672C-84A2-A626-C64F-4A137FF3278F" name="Relation_10_Maintenance_Logs_FK">
<createdBy>bayua</createdBy>
<createdTime>2024-05-29 08:14:03 UTC</createdTime>
<generatorID>B56E9B3E-028B-F161-1FE6-DBE741054D39</generatorID>
<ownerDesignName>C4ISR System Database Concept with Human Machine Collaboration for Dual-Purpose</ownerDesignName>
<indexState>Foreign Key</indexState>
<isSurrogateKey>false</isSurrogateKey>
<indexColumnUsage>
<colUsage columnID="787B12E5-5072-4DEA-AEC9-73FA12732DE7"/>
<colUsage columnID="02A17712-DD32-5245-04E0-FBEF8C2DEA29"/>
</indexColumnUsage>
</ind_PK_UK>
</indexes>
</Table>
