<?xml version = '1.0' encoding = 'UTF-8'?>
<Table class="oracle.dbtools.crest.model.design.relational.Table" directorySegmentName="seg_0" id="85D32833-1233-7AD4-488A-2CEE0B6A4063" name="Maintenance_Logs">
<createdBy>bayua</createdBy>
<createdTime>2024-05-29 08:14:03 UTC</createdTime>
<generatorID>F1EC030F-3B59-1AC6-AA07-B82F2F404489</generatorID>
<ownerDesignName>C4ISR System Database Concept with Human Machine Collaboration for Dual-Purpose</ownerDesignName>
<allowColumnReorder>false</allowColumnReorder>
<existDependencyGenerateInDDl>true</existDependencyGenerateInDDl>
<parsed>true</parsed>
<columns itemClass="oracle.dbtools.crest.model.design.relational.Column">
<Column name="maintenance_id" id="A0ADE86E-41B9-E98D-B4A9-43DC770EB043">
<createdBy>bayua</createdBy>
<createdTime>2024-05-29 08:14:03 UTC</createdTime>
<generatorID>7CAFB600-90A3-D8AD-C720-2C9FB1F8499C</generatorID>
<ownerDesignName>C4ISR System Database Concept with Human Machine Collaboration for Dual-Purpose</ownerDesignName>
<useDomainConstraints>false</useDomainConstraints>
<use>1</use>
<logicalDatatype>LOGDT024</logicalDatatype>
<dataTypeSize>30</dataTypeSize>
<ownDataTypeParameters>30,,</ownDataTypeParameters>
<autoIncrementCycle>false</autoIncrementCycle>
</Column>
<Column name="Date" id="53831F1C-7448-E5CB-9367-DE43BC08BB33">
<createdBy>bayua</createdBy>
<createdTime>2024-05-29 08:14:03 UTC</createdTime>
<generatorID>984B82D4-6AF8-33EE-10CE-D2CC3300B6A2</generatorID>
<ownerDesignName>C4ISR System Database Concept with Human Machine Collaboration for Dual-Purpose</ownerDesignName>
<useDomainConstraints>false</useDomainConstraints>
<use>1</use>
<logicalDatatype>LOGDT008</logicalDatatype>
<ownDataTypeParameters>,,</ownDataTypeParameters>
<autoIncrementCycle>false</autoIncrementCycle>
</Column>
<Column name="description" id="E4BB63DE-0779-5A8C-9399-2DB26505C39A">
<createdBy>bayua</createdBy>
<createdTime>2024-05-29 08:14:03 UTC</createdTime>
<generatorID>491CA4D3-B3E5-FCBE-147D-63509539A8F2</generatorID>
<ownerDesignName>C4ISR System Database Concept with Human Machine Collaboration for Dual-Purpose</ownerDesignName>
<nullsAllowed>true</nullsAllowed>
<useDomainConstraints>false</useDomainConstraints>
<use>1</use>
<logicalDatatype>LOGDT040</logicalDatatype>
<ownDataTypeParameters>,,</ownDataTypeParameters>
<autoIncrementCycle>false</autoIncrementCycle>
</Column>
<Column name="Equipment_Equipment_id" id="EFDD7C23-70C5-2864-BE35-1C51789B1440">
<createdBy>bayua</createdBy>
<createdTime>2024-05-29 08:14:03 UTC</createdTime>
<generatorID>DC042718-F3B6-1103-D79D-44217B0DF5F3</generatorID>
<ownerDesignName>C4ISR System Database Concept with Human Machine Collaboration for Dual-Purpose</ownerDesignName>
<useDomainConstraints>false</useDomainConstraints>
<use>1</use>
<logicalDatatype>LOGDT024</logicalDatatype>
<dataTypeSize>30</dataTypeSize>
<ownDataTypeParameters>30,,</ownDataTypeParameters>
<previousColumn>false</previousColumn>
<autoIncrementCycle>false</autoIncrementCycle>
<associations>
<colAssociation fkAssociation="BFA9FF20-A660-4BB5-D699-FD35704B187A" referredColumn="C874EA15-01BC-6503-FC40-073F2F911484"/>
</associations>
</Column>
<Column name="Platforms_platform_id" id="14FAC73D-AA59-FA7A-97DD-CB14C0FD87A3">
<createdBy>bayua</createdBy>
<createdTime>2024-05-29 08:14:03 UTC</createdTime>
<generatorID>BBF70FB9-79E5-C88B-B01C-9F8185BE1FDC</generatorID>
<ownerDesignName>C4ISR System Database Concept with Human Machine Collaboration for Dual-Purpose</ownerDesignName>
<useDomainConstraints>false</useDomainConstraints>
<use>1</use>
<logicalDatatype>LOGDT024</logicalDatatype>
<dataTypeSize>30</dataTypeSize>
<ownDataTypeParameters>30,,</ownDataTypeParameters>
<previousColumn>false</previousColumn>
<autoIncrementCycle>false</autoIncrementCycle>
<associations>
<colAssociation fkAssociation="D67F6ABF-895C-38AB-0A55-D1D9579FEB41" referredColumn="0A66D412-4128-C78A-4A5F-234385282802"/>
</associations>
</Column>
<Column name="Personnel_personnel_id" id="FEF322C9-98AB-F72B-58FC-BFE6FE066806">
<createdBy>bayua</createdBy>
<createdTime>2024-05-29 08:14:03 UTC</createdTime>
<generatorID>645D7FE9-B78F-86A0-A838-0ED701A10717</generatorID>
<ownerDesignName>C4ISR System Database Concept with Human Machine Collaboration for Dual-Purpose</ownerDesignName>
<useDomainConstraints>false</useDomainConstraints>
<use>1</use>
<logicalDatatype>LOGDT024</logicalDatatype>
<dataTypeSize>30</dataTypeSize>
<ownDataTypeParameters>30,,</ownDataTypeParameters>
<previousColumn>false</previousColumn>
<autoIncrementCycle>false</autoIncrementCycle>
<associations>
<colAssociation fkAssociation="4ECDB16F-3C3A-C1E7-614C-9F23FB0D3010" referredColumn="0DA4055A-8663-CBD0-2BFB-639890206289"/>
</associations>
</Column>
</columns>
<indexes itemClass="oracle.dbtools.crest.model.design.relational.Index">
<ind_PK_UK id="E5B4F822-6964-2F7F-762D-AE40E5BDC193" name="Maintenance_Logs_PK">
<createdBy>bayua</createdBy>
<createdTime>2024-05-29 08:14:03 UTC</createdTime>
<generatorID>831ECAE2-C7D7-C72C-451D-9C461563C850</generatorID>
<ownerDesignName>C4ISR System Database Concept with Human Machine Collaboration for Dual-Purpose</ownerDesignName>
<pk>true</pk>
<indexState>Primary Constraint</indexState>
<isSurrogateKey>false</isSurrogateKey>
<indexColumnUsage>
<colUsage columnID="A0ADE86E-41B9-E98D-B4A9-43DC770EB043"/>
<colUsage columnID="14FAC73D-AA59-FA7A-97DD-CB14C0FD87A3"/>
</indexColumnUsage>
</ind_PK_UK>
<ind_PK_UK id="899C5A36-13AA-1359-2848-778910A0F1A0" name="Maintenance_Logs_Equipment_FK">
<createdBy>bayua</createdBy>
<createdTime>2024-05-29 08:14:03 UTC</createdTime>
<generatorID>63DD0C70-54C4-2D2B-7064-53B56713B26D</generatorID>
<ownerDesignName>C4ISR System Database Concept with Human Machine Collaboration for Dual-Purpose</ownerDesignName>
<indexState>Foreign Key</indexState>
<isSurrogateKey>false</isSurrogateKey>
<indexColumnUsage>
<colUsage columnID="EFDD7C23-70C5-2864-BE35-1C51789B1440"/>
</indexColumnUsage>
</ind_PK_UK>
<ind_PK_UK id="6BF09962-2E9F-F2F6-CDD4-2690DCE186A6" name="Maintenance_Logs_Platforms_FK">
<createdBy>bayua</createdBy>
<createdTime>2024-05-29 08:14:03 UTC</createdTime>
<generatorID>AAB7F7C5-AD45-2F76-25CD-4EC7FD7BBAD6</generatorID>
<ownerDesignName>C4ISR System Database Concept with Human Machine Collaboration for Dual-Purpose</ownerDesignName>
<indexState>Foreign Key</indexState>
<isSurrogateKey>false</isSurrogateKey>
<indexColumnUsage>
<colUsage columnID="14FAC73D-AA59-FA7A-97DD-CB14C0FD87A3"/>
</indexColumnUsage>
</ind_PK_UK>
<ind_PK_UK id="CD00893E-0A5E-C4B3-8521-5421C763B5F5" name="Maintenance_Logs_Personnel_FK">
<createdBy>bayua</createdBy>
<createdTime>2024-05-29 08:14:03 UTC</createdTime>
<generatorID>15E013CF-2117-A863-25AD-D83571FF6494</generatorID>
<ownerDesignName>C4ISR System Database Concept with Human Machine Collaboration for Dual-Purpose</ownerDesignName>
<indexState>Foreign Key</indexState>
<isSurrogateKey>false</isSurrogateKey>
<indexColumnUsage>
<colUsage columnID="FEF322C9-98AB-F72B-58FC-BFE6FE066806"/>
</indexColumnUsage>
</ind_PK_UK>
</indexes>
</Table>
