<?xml version = '1.0' encoding = 'UTF-8'?>
<Table class="oracle.dbtools.crest.model.design.relational.Table" directorySegmentName="seg_0" id="8D5BEAF8-FE81-2255-DDB5-F37EE287B334" name="Sensors">
<createdBy>bayua</createdBy>
<createdTime>2024-05-29 08:14:03 UTC</createdTime>
<generatorID>24AFBB64-9785-F740-25BF-859AB512CDBA</generatorID>
<ownerDesignName>C4ISR System Database Concept with Human Machine Collaboration for Dual-Purpose</ownerDesignName>
<allowColumnReorder>false</allowColumnReorder>
<existDependencyGenerateInDDl>true</existDependencyGenerateInDDl>
<parsed>true</parsed>
<columns itemClass="oracle.dbtools.crest.model.design.relational.Column">
<Column name="sensor_id" id="8EB00C31-84A9-7D9C-0F6A-DA01480066D0">
<createdBy>bayua</createdBy>
<createdTime>2024-05-29 08:14:03 UTC</createdTime>
<generatorID>1F3160F7-E692-77D9-2E23-6D881E7D4591</generatorID>
<ownerDesignName>C4ISR System Database Concept with Human Machine Collaboration for Dual-Purpose</ownerDesignName>
<useDomainConstraints>false</useDomainConstraints>
<use>1</use>
<logicalDatatype>LOGDT011</logicalDatatype>
<ownDataTypeParameters>,,</ownDataTypeParameters>
<autoIncrementCycle>false</autoIncrementCycle>
</Column>
<Column name="type" id="74CDED43-9B79-D369-CD5D-D2C53277DDA1">
<createdBy>bayua</createdBy>
<createdTime>2024-05-29 08:14:03 UTC</createdTime>
<generatorID>1C951FD8-0CD5-AF2C-4AEF-598C61BF2445</generatorID>
<ownerDesignName>C4ISR System Database Concept with Human Machine Collaboration for Dual-Purpose</ownerDesignName>
<useDomainConstraints>false</useDomainConstraints>
<use>1</use>
<logicalDatatype>LOGDT024</logicalDatatype>
<dataTypeSize>80</dataTypeSize>
<ownDataTypeParameters>80,,</ownDataTypeParameters>
<autoIncrementCycle>false</autoIncrementCycle>
</Column>
<Column name="location" id="A3E5B7D7-0875-E48F-A8FE-5F5661EC7E96">
<createdBy>bayua</createdBy>
<createdTime>2024-05-29 08:14:03 UTC</createdTime>
<generatorID>A6F58DBA-E641-A947-1F26-2F9A23CE5AC4</generatorID>
<ownerDesignName>C4ISR System Database Concept with Human Machine Collaboration for Dual-Purpose</ownerDesignName>
<useDomainConstraints>false</useDomainConstraints>
<use>1</use>
<logicalDatatype>A3A3C77D-0366-9768-FF89-1C25E56881C8</logicalDatatype>
<ownDataTypeParameters>,,</ownDataTypeParameters>
<autoIncrementCycle>false</autoIncrementCycle>
</Column>
<Column name="status" id="42720744-2B9F-9A26-525A-A76FFAA89B72">
<createdBy>bayua</createdBy>
<createdTime>2024-05-29 08:14:03 UTC</createdTime>
<generatorID>104AA5D8-434F-A198-D12A-0687A42E8548</generatorID>
<ownerDesignName>C4ISR System Database Concept with Human Machine Collaboration for Dual-Purpose</ownerDesignName>
<useDomainConstraints>false</useDomainConstraints>
<use>1</use>
<logicalDatatype>LOGDT024</logicalDatatype>
<dataTypeSize>30</dataTypeSize>
<ownDataTypeParameters>30,,</ownDataTypeParameters>
<autoIncrementCycle>false</autoIncrementCycle>
</Column>
<Column name="last_maintenance" id="CA940F67-8632-A3F8-E400-33CE3ED47ADE">
<createdBy>bayua</createdBy>
<createdTime>2024-05-29 08:14:03 UTC</createdTime>
<generatorID>975790FC-F59B-0EDB-73E0-E678E7ADFE0C</generatorID>
<ownerDesignName>C4ISR System Database Concept with Human Machine Collaboration for Dual-Purpose</ownerDesignName>
<useDomainConstraints>false</useDomainConstraints>
<use>1</use>
<logicalDatatype>LOGDT007</logicalDatatype>
<ownDataTypeParameters>,,</ownDataTypeParameters>
<autoIncrementCycle>false</autoIncrementCycle>
</Column>
</columns>
<indexes itemClass="oracle.dbtools.crest.model.design.relational.Index">
<ind_PK_UK id="4C156D58-913B-C65B-2BFD-73193EDEC3BF" name="Sensors_PK">
<createdBy>bayua</createdBy>
<createdTime>2024-05-29 08:14:03 UTC</createdTime>
<generatorID>0CF02BB6-9D7A-73E7-D3AF-F206B4574D4C</generatorID>
<ownerDesignName>C4ISR System Database Concept with Human Machine Collaboration for Dual-Purpose</ownerDesignName>
<pk>true</pk>
<indexState>Primary Constraint</indexState>
<isSurrogateKey>false</isSurrogateKey>
<indexColumnUsage>
<colUsage columnID="8EB00C31-84A9-7D9C-0F6A-DA01480066D0"/>
</indexColumnUsage>
</ind_PK_UK>
</indexes>
</Table>
