<?xml version = '1.0' encoding = 'UTF-8'?>
<Table class="oracle.dbtools.crest.model.design.relational.Table" directorySegmentName="seg_0" id="BD236925-CE0D-551B-EAC7-0B5B9895F093" name="Relation_9">
<createdBy>bayua</createdBy>
<createdTime>2024-05-29 08:14:03 UTC</createdTime>
<ownerDesignName>C4ISR System Database Concept with Human Machine Collaboration for Dual-Purpose</ownerDesignName>
<allowColumnReorder>false</allowColumnReorder>
<existDependencyGenerateInDDl>true</existDependencyGenerateInDDl>
<parsed>true</parsed>
<columns itemClass="oracle.dbtools.crest.model.design.relational.Column">
<Column name="Users_user_id" id="8D6852C1-3BDB-5A4B-4A9E-152C2CE4F893">
<createdBy>bayua</createdBy>
<createdTime>2024-05-29 08:14:03 UTC</createdTime>
<ownerDesignName>C4ISR System Database Concept with Human Machine Collaboration for Dual-Purpose</ownerDesignName>
<useDomainConstraints>false</useDomainConstraints>
<use>1</use>
<logicalDatatype>LOGDT024</logicalDatatype>
<dataTypeSize>30</dataTypeSize>
<ownDataTypeParameters>,,</ownDataTypeParameters>
<previousColumn>false</previousColumn>
<autoIncrementCycle>false</autoIncrementCycle>
<associations>
<colAssociation fkAssociation="9FD4BDE8-A3EA-A020-CC19-B7EFC242DEAC" referredColumn="F5DA2F31-8136-9A75-E693-3220FD9A0195"/>
</associations>
</Column>
<Column name="Sensors_sensor_id" id="B272D565-969F-E319-72F0-E119E90E54B6">
<createdBy>bayua</createdBy>
<createdTime>2024-05-29 08:14:03 UTC</createdTime>
<ownerDesignName>C4ISR System Database Concept with Human Machine Collaboration for Dual-Purpose</ownerDesignName>
<useDomainConstraints>false</useDomainConstraints>
<use>1</use>
<logicalDatatype>LOGDT011</logicalDatatype>
<ownDataTypeParameters>,,</ownDataTypeParameters>
<previousColumn>false</previousColumn>
<autoIncrementCycle>false</autoIncrementCycle>
<associations>
<colAssociation fkAssociation="8101670E-6FC6-D64D-ABE5-FC3897493D2E" referredColumn="8EB00C31-84A9-7D9C-0F6A-DA01480066D0"/>
</associations>
</Column>
</columns>
<indexes itemClass="oracle.dbtools.crest.model.design.relational.Index">
<ind_PK_UK id="3EC5E336-8643-A700-CBAA-C1B62AB5C242" name="Relation_9_PK">
<createdBy>bayua</createdBy>
<createdTime>2024-05-29 08:14:03 UTC</createdTime>
<ownerDesignName>C4ISR System Database Concept with Human Machine Collaboration for Dual-Purpose</ownerDesignName>
<pk>true</pk>
<indexState>Primary Constraint</indexState>
<isSurrogateKey>false</isSurrogateKey>
<indexColumnUsage>
<colUsage columnID="8D6852C1-3BDB-5A4B-4A9E-152C2CE4F893"/>
<colUsage columnID="B272D565-969F-E319-72F0-E119E90E54B6"/>
</indexColumnUsage>
</ind_PK_UK>
<ind_PK_UK id="772E6A2B-D546-28C8-ABDD-1D1D1915DA92" name="Relation_9_Users_FK">
<createdBy>bayua</createdBy>
<createdTime>2024-05-29 08:14:03 UTC</createdTime>
<generatorID>854AB7CA-818A-6906-F149-08D8E02B8218</generatorID>
<ownerDesignName>C4ISR System Database Concept with Human Machine Collaboration for Dual-Purpose</ownerDesignName>
<indexState>Foreign Key</indexState>
<isSurrogateKey>false</isSurrogateKey>
<indexColumnUsage>
<colUsage columnID="8D6852C1-3BDB-5A4B-4A9E-152C2CE4F893"/>
</indexColumnUsage>
</ind_PK_UK>
<ind_PK_UK id="AAE053A9-B58B-EF72-65D2-57DD6C866F6C" name="Relation_9_Sensors_FK">
<createdBy>bayua</createdBy>
<createdTime>2024-05-29 08:14:03 UTC</createdTime>
<generatorID>854AB7CA-818A-6906-F149-08D8E02B8218</generatorID>
<ownerDesignName>C4ISR System Database Concept with Human Machine Collaboration for Dual-Purpose</ownerDesignName>
<indexState>Foreign Key</indexState>
<isSurrogateKey>false</isSurrogateKey>
<indexColumnUsage>
<colUsage columnID="B272D565-969F-E319-72F0-E119E90E54B6"/>
</indexColumnUsage>
</ind_PK_UK>
</indexes>
</Table>
