<?xml version = '1.0' encoding = 'UTF-8'?>
<Table class="oracle.dbtools.crest.model.design.relational.Table" directorySegmentName="seg_0" id="FF488557-FB17-3DCE-6C4D-38968BF27112" name="Analysis">
<createdBy>bayua</createdBy>
<createdTime>2024-05-29 08:14:03 UTC</createdTime>
<generatorID>EF09F3D1-11F8-C4F0-5BC0-B1C9E003458C</generatorID>
<ownerDesignName>C4ISR System Database Concept with Human Machine Collaboration for Dual-Purpose</ownerDesignName>
<allowColumnReorder>false</allowColumnReorder>
<existDependencyGenerateInDDl>true</existDependencyGenerateInDDl>
<parsed>true</parsed>
<columns itemClass="oracle.dbtools.crest.model.design.relational.Column">
<Column name="analysis_id" id="5260D5C8-FB19-E11E-E6F4-CC9CD28D03E5">
<createdBy>bayua</createdBy>
<createdTime>2024-05-29 08:14:03 UTC</createdTime>
<generatorID>B045169F-B850-EF1D-8841-EB74B5FACC00</generatorID>
<ownerDesignName>C4ISR System Database Concept with Human Machine Collaboration for Dual-Purpose</ownerDesignName>
<useDomainConstraints>false</useDomainConstraints>
<use>1</use>
<logicalDatatype>LOGDT011</logicalDatatype>
<ownDataTypeParameters>,,</ownDataTypeParameters>
<autoIncrementCycle>false</autoIncrementCycle>
</Column>
<Column name="analysis_type" id="FC692692-D5B1-FBC2-FFA0-B97D6BE4D1D7">
<createdBy>bayua</createdBy>
<createdTime>2024-05-29 08:14:03 UTC</createdTime>
<generatorID>FC12004B-99E8-B5F0-928B-00B8DDE42C9A</generatorID>
<ownerDesignName>C4ISR System Database Concept with Human Machine Collaboration for Dual-Purpose</ownerDesignName>
<useDomainConstraints>false</useDomainConstraints>
<use>1</use>
<logicalDatatype>LOGDT024</logicalDatatype>
<dataTypeSize>30</dataTypeSize>
<ownDataTypeParameters>30,,</ownDataTypeParameters>
<autoIncrementCycle>false</autoIncrementCycle>
</Column>
<Column name="results" id="A9AD7BF6-2C78-2658-F4D0-D46CFB70F57E">
<createdBy>bayua</createdBy>
<createdTime>2024-05-29 08:14:03 UTC</createdTime>
<generatorID>4B67CF6B-2BA0-B6CF-6C03-095C42DD630A</generatorID>
<ownerDesignName>C4ISR System Database Concept with Human Machine Collaboration for Dual-Purpose</ownerDesignName>
<nullsAllowed>true</nullsAllowed>
<useDomainConstraints>false</useDomainConstraints>
<use>1</use>
<logicalDatatype>LOGDT040</logicalDatatype>
<ownDataTypeParameters>,,</ownDataTypeParameters>
<autoIncrementCycle>false</autoIncrementCycle>
</Column>
<Column name="Users_user_id" id="5F819B1F-273D-D62B-4F42-459DC7949659">
<createdBy>bayua</createdBy>
<createdTime>2024-05-29 08:14:03 UTC</createdTime>
<generatorID>0D151BC2-4975-ED78-E7DB-1E964EE678FA</generatorID>
<ownerDesignName>C4ISR System Database Concept with Human Machine Collaboration for Dual-Purpose</ownerDesignName>
<useDomainConstraints>false</useDomainConstraints>
<use>1</use>
<logicalDatatype>LOGDT024</logicalDatatype>
<dataTypeSize>30</dataTypeSize>
<ownDataTypeParameters>30,,</ownDataTypeParameters>
<previousColumn>false</previousColumn>
<autoIncrementCycle>false</autoIncrementCycle>
<associations>
<colAssociation fkAssociation="B3ED0717-4C37-205E-A52B-A0D962595D6B" referredColumn="F5DA2F31-8136-9A75-E693-3220FD9A0195"/>
</associations>
</Column>
<Column name="Data_data_id" id="746EE5F4-165F-22CF-7305-7A0BDF20A34B">
<createdBy>bayua</createdBy>
<createdTime>2024-05-29 08:14:03 UTC</createdTime>
<generatorID>67658E34-D040-6AAF-12AC-5DF3B32C0FC0</generatorID>
<ownerDesignName>C4ISR System Database Concept with Human Machine Collaboration for Dual-Purpose</ownerDesignName>
<useDomainConstraints>false</useDomainConstraints>
<use>1</use>
<logicalDatatype>LOGDT011</logicalDatatype>
<ownDataTypeParameters>,,</ownDataTypeParameters>
<previousColumn>false</previousColumn>
<autoIncrementCycle>false</autoIncrementCycle>
<associations>
<colAssociation fkAssociation="B9EAD5C9-788C-3F75-5C22-ED6858DF6730" referredColumn="1963851D-04FE-17D6-131F-386D6AA2E25A"/>
</associations>
</Column>
</columns>
<indexes itemClass="oracle.dbtools.crest.model.design.relational.Index">
<ind_PK_UK id="72960D4E-0750-EDA6-EA38-BD2F6B289004" name="Analysis_PK">
<createdBy>bayua</createdBy>
<createdTime>2024-05-29 08:14:03 UTC</createdTime>
<generatorID>B6C100D8-F243-E7FF-3EEF-6F73CBBDB5CF</generatorID>
<ownerDesignName>C4ISR System Database Concept with Human Machine Collaboration for Dual-Purpose</ownerDesignName>
<pk>true</pk>
<indexState>Primary Constraint</indexState>
<isSurrogateKey>false</isSurrogateKey>
<indexColumnUsage>
<colUsage columnID="5260D5C8-FB19-E11E-E6F4-CC9CD28D03E5"/>
<colUsage columnID="746EE5F4-165F-22CF-7305-7A0BDF20A34B"/>
</indexColumnUsage>
</ind_PK_UK>
<ind_PK_UK id="A2F5BB86-E143-197E-2013-8374630BD451" name="Analysis_Users_FK">
<createdBy>bayua</createdBy>
<createdTime>2024-05-29 08:14:03 UTC</createdTime>
<generatorID>1F2E4F10-D94E-8978-9C99-48BCC56E7565</generatorID>
<ownerDesignName>C4ISR System Database Concept with Human Machine Collaboration for Dual-Purpose</ownerDesignName>
<indexState>Foreign Key</indexState>
<isSurrogateKey>false</isSurrogateKey>
<indexColumnUsage>
<colUsage columnID="5F819B1F-273D-D62B-4F42-459DC7949659"/>
</indexColumnUsage>
</ind_PK_UK>
<ind_PK_UK id="B6365FAF-1113-1260-4A30-C77B9F4B774D" name="Analysis_Data_FK">
<createdBy>bayua</createdBy>
<createdTime>2024-05-29 08:14:03 UTC</createdTime>
<generatorID>79290CC4-5DB6-1CFC-F5E2-EE9148B775D2</generatorID>
<ownerDesignName>C4ISR System Database Concept with Human Machine Collaboration for Dual-Purpose</ownerDesignName>
<indexState>Foreign Key</indexState>
<isSurrogateKey>false</isSurrogateKey>
<indexColumnUsage>
<colUsage columnID="746EE5F4-165F-22CF-7305-7A0BDF20A34B"/>
</indexColumnUsage>
</ind_PK_UK>
</indexes>
</Table>
