<?xml version = '1.0' encoding = 'UTF-8'?>
<relationalModel class="oracle.dbtools.crest.model.design.relational.RelationalDesign" name="Relational_1" id="D0AB5B0E-3BD1-7209-F736-3AF8C65DB8DE" mainViewID="C3FE5F35-C657-DC0D-44AA-4FA6C8801544">
<createdBy>bayua</createdBy>
<createdTime>2024-05-29 05:49:09 UTC</createdTime>
<ownerDesignName>C4ISR System Database Concept with Human Machine Collaboration for Dual-Purpose</ownerDesignName>
<shouldBeOpen>false</shouldBeOpen>
<selectedRDBMSSite>32076570-2523-435C-2E92-BF29817DFF70</selectedRDBMSSite>
</relationalModel>