<?xml version = '1.0' encoding = 'UTF-8'?>
<Arc class="oracle.dbtools.crest.model.design.logical.Arc" directorySegmentName="seg_0" id="0DD5B00D-D9A2-6491-61D7-CE1230220DE4" name="Arc_2">
<createdBy>bayua</createdBy>
<createdTime>2024-05-29 07:56:44 UTC</createdTime>
<ownerDesignName>C4ISR System Database Concept with Human Machine Collaboration for Dual-Purpose</ownerDesignName>
<engineerTo>
<item key="D0AB5B0E-3BD1-7209-F736-3AF8C65DB8DE" value="true"/>
</engineerTo>
<entity>9CF1A7E9-3595-0111-FE85-55A86A3A7CCC</entity>
<relations>
<relationID>8098CD6E-295D-636B-265D-D111E5DD0081</relationID>
<relationID>8A2E69B2-5D9F-8EA4-E067-44091151B8EC</relationID>
<relationID>A678CEF4-265F-B1E9-C32B-DD7B8ECD954B</relationID>
<relationID>0E100A81-64DD-D9C7-966B-8868CE616324</relationID>
</relations>
</Arc>