<?xml version = '1.0' encoding = 'UTF-8'?>
<Diagram class="oracle.dbtools.crest.swingui.logical.DPVLogical" name="Logical" id="26FAE62A-B932-577B-5509-2D3A86DCA217">
<createdBy>bayua</createdBy>
<modifiedBy>bayua</modifiedBy>
<createdTime>2024-05-29 05:52:43 UTC</createdTime>
<autoRoute>false</autoRoute>
<boxInbox>true</boxInbox>
<showLegend>false</showLegend>
<showLabels>false</showLabels>
<showRelAttributes>false</showRelAttributes>
<gridEnabled>false</gridEnabled>
<showGrid>false</showGrid>
<diagramColor>-1</diagramColor>
<display>false</display>
<notation>1</notation>
<objectViews>
<OView class="oracle.dbtools.crest.swingui.logical.TVEntity" oid="0DD1CC7C-0494-16E6-1C05-D08F71F49EB7" otype="Entity" vid="B6BB3A0C-39A9-C6C4-E643-4BF283386C52">
<hideElementsInCurrentOnly>false</hideElementsInCurrentOnly>
<bounds x="17" y="393" width="146" height="63"/>
</OView>
<OView class="oracle.dbtools.crest.swingui.logical.TVEntity" oid="11939639-8555-74CE-9B36-C7F46FE28E7F" otype="Entity" vid="80E1A81B-AA20-6B00-7A68-A64B5E4A6E38">
<hideElementsInCurrentOnly>false</hideElementsInCurrentOnly>
<bounds x="491" y="202" width="225" height="127"/>
</OView>
<OView class="oracle.dbtools.crest.swingui.logical.TVEntity" oid="24AFBB64-9785-F740-25BF-859AB512CDBA" otype="Entity" vid="B7BBEC73-A7A9-D3BA-1BE5-09FCC753F3E2">
<hideElementsInCurrentOnly>false</hideElementsInCurrentOnly>
<bounds x="956" y="185" width="216" height="120"/>
</OView>
<OView class="oracle.dbtools.crest.swingui.logical.TVEntity" oid="35CCECC8-1137-2254-CDEC-97A0BD5799F7" otype="Entity" vid="EB21071D-EDD3-043B-2B1B-E14B003BC247">
<hideElementsInCurrentOnly>false</hideElementsInCurrentOnly>
<bounds x="237" y="16" width="266" height="166"/>
</OView>
<OView class="oracle.dbtools.crest.swingui.logical.TVEntity" oid="3C338936-A8E6-822A-E525-BD6722F45B78" otype="Entity" vid="4543AECA-4E9B-B8E0-F880-FCAB4526E010">
<hideElementsInCurrentOnly>false</hideElementsInCurrentOnly>
<bounds x="692" y="631" width="117" height="85"/>
</OView>
<OView class="oracle.dbtools.crest.swingui.logical.TVEntity" oid="40EAF71C-E1A2-FA91-1AB6-B8BB806A3AD3" otype="Entity" vid="361DAF3E-E169-444F-C0A3-7750C9DE36A3">
<hideElementsInCurrentOnly>false</hideElementsInCurrentOnly>
<bounds x="491" y="331" width="224" height="122"/>
</OView>
<OView class="oracle.dbtools.crest.swingui.logical.TVEntity" oid="44D109DF-3FF9-A887-D73A-DA2DB38D6F07" otype="Entity" vid="378EC7A5-F4C4-DECA-D1BB-49409A180215">
<hideElementsInCurrentOnly>false</hideElementsInCurrentOnly>
<bounds x="17" y="27" width="176" height="147"/>
</OView>
<OView class="oracle.dbtools.crest.swingui.logical.TVEntity" oid="5FBA1592-2104-72B3-318B-99AC97C2C346" otype="Entity" vid="6FD2DC60-DCDB-4DF9-667E-F9145CB4FA9E">
<hideElementsInCurrentOnly>false</hideElementsInCurrentOnly>
<bounds x="19" y="315" width="137" height="71"/>
</OView>
<OView class="oracle.dbtools.crest.swingui.logical.TVEntity" oid="8A09BF9C-893D-7107-2443-3FB76E45F436" otype="Entity" vid="566B21EB-AA05-4C66-C7F9-83765CE331D7">
<hideElementsInCurrentOnly>false</hideElementsInCurrentOnly>
<bounds x="814" y="634" width="116" height="86"/>
</OView>
<OView class="oracle.dbtools.crest.swingui.logical.TVEntity" oid="9CF1A7E9-3595-0111-FE85-55A86A3A7CCC" otype="Entity" vid="0A20DA87-449B-D527-F134-A11819FE7E9D">
<hideElementsInCurrentOnly>false</hideElementsInCurrentOnly>
<bounds x="239" y="330" width="226" height="114"/>
</OView>
<OView class="oracle.dbtools.crest.swingui.logical.TVEntity" oid="9DC43BF1-4852-1597-7280-337B11387AD0" otype="Entity" vid="77824DD8-160A-AD01-E9E9-1DFC53C52A88">
<hideElementsInCurrentOnly>false</hideElementsInCurrentOnly>
<bounds x="822" y="544" width="116" height="85"/>
</OView>
<OView class="oracle.dbtools.crest.swingui.logical.TVEntity" oid="9F87D041-E32F-6C17-AD7C-CF5DE5835E7B" otype="Entity" vid="ACB695BB-FC37-8346-9845-F8599F9413EC">
<hideElementsInCurrentOnly>false</hideElementsInCurrentOnly>
<bounds x="198" y="503" width="148" height="73"/>
</OView>
<OView class="oracle.dbtools.crest.swingui.logical.TVEntity" oid="A2037378-09D8-EA36-9AA2-1940242BBFA6" otype="Entity" vid="D79AD681-F534-E68D-926B-7AE2117B984D">
<hideElementsInCurrentOnly>false</hideElementsInCurrentOnly>
<bounds x="441" y="549" width="192" height="125"/>
</OView>
<OView class="oracle.dbtools.crest.swingui.logical.TVEntity" oid="B291EB67-0616-6085-B853-CA76DAF54745" otype="Entity" vid="B3F69894-98D9-9631-D560-68BBB1A34AA0">
<hideElementsInCurrentOnly>false</hideElementsInCurrentOnly>
<bounds x="1033" y="573" width="158" height="123"/>
</OView>
<OView class="oracle.dbtools.crest.swingui.logical.TVEntity" oid="C0391175-B045-F885-C844-0DDC6C315B49" otype="Entity" vid="CF160653-3CCE-B748-C194-7DF0342C9C66">
<hideElementsInCurrentOnly>false</hideElementsInCurrentOnly>
<bounds x="198" y="210" width="140" height="71"/>
</OView>
<OView class="oracle.dbtools.crest.swingui.logical.TVEntity" oid="D8A9560C-16CB-17DF-224F-0273932DB92D" otype="Entity" vid="ACD4BEF8-B9DF-7A4D-6831-6E9CC6BF969C">
<hideElementsInCurrentOnly>false</hideElementsInCurrentOnly>
<bounds x="674" y="513" width="299" height="217"/>
</OView>
<OView class="oracle.dbtools.crest.swingui.logical.TVEntity" oid="EF09F3D1-11F8-C4F0-5BC0-B1C9E003458C" otype="Entity" vid="2BB1B423-38FA-138A-D0BD-9C1A464616CA">
<hideElementsInCurrentOnly>false</hideElementsInCurrentOnly>
<bounds x="1066" y="18" width="258" height="122"/>
</OView>
<OView class="oracle.dbtools.crest.swingui.logical.TVEntity" oid="F1EC030F-3B59-1AC6-AA07-B82F2F404489" otype="Entity" vid="FE67E79E-FB9F-2758-C7C1-461686D26F05">
<hideElementsInCurrentOnly>false</hideElementsInCurrentOnly>
<bounds x="879" y="330" width="178" height="112"/>
</OView>
<OView class="oracle.dbtools.crest.swingui.logical.TVEntity" oid="FCED9D1E-0A04-B1B1-8D6D-8836299B19BE" otype="Entity" vid="FB6ACF29-5362-6D14-E2BE-DACE5026C808">
<hideElementsInCurrentOnly>false</hideElementsInCurrentOnly>
<bounds x="1123" y="379" width="231" height="134"/>
</OView>
</objectViews>
<connectors>
<Connector class="oracle.dbtools.crest.swingui.logical.TVRelation" oid="0E100A81-64DD-D9C7-966B-8868CE616324" otype="Relation" vid_source="0A20DA87-449B-D527-F134-A11819FE7E9D" vid_target="ACB695BB-FC37-8346-9845-F8599F9413EC">
<hideElementsInCurrentOnly>false</hideElementsInCurrentOnly>
<backgroundColor>-16777216</backgroundColor>
<lineWidth>1</lineWidth>
<points>
<point x="292" y="444"/>
<point x="292" y="503"/>
</points>
</Connector>
<Connector class="oracle.dbtools.crest.swingui.logical.TVRelation" oid="11E3D2FD-9ACF-4C28-683B-D72E35B4D03F" otype="Relation" vid_source="D79AD681-F534-E68D-926B-7AE2117B984D" vid_target="361DAF3E-E169-444F-C0A3-7750C9DE36A3">
<hideElementsInCurrentOnly>false</hideElementsInCurrentOnly>
<backgroundColor>-16777216</backgroundColor>
<lineWidth>1</lineWidth>
<points>
<point x="540" y="549"/>
<point x="540" y="500"/>
<point x="540" y="453"/>
</points>
</Connector>
<Connector class="oracle.dbtools.crest.swingui.logical.TVRelation" oid="15E013CF-2117-A863-25AD-D83571FF6494" otype="Relation" vid_source="ACD4BEF8-B9DF-7A4D-6831-6E9CC6BF969C" vid_target="FE67E79E-FB9F-2758-C7C1-461686D26F05">
<hideElementsInCurrentOnly>false</hideElementsInCurrentOnly>
<backgroundColor>-16777216</backgroundColor>
<lineWidth>1</lineWidth>
<points>
<point x="926" y="513"/>
<point x="926" y="442"/>
</points>
</Connector>
<Connector class="oracle.dbtools.crest.swingui.logical.TVRelation" oid="1F2E4F10-D94E-8978-9C99-48BCC56E7565" otype="Relation" vid_source="EB21071D-EDD3-043B-2B1B-E14B003BC247" vid_target="2BB1B423-38FA-138A-D0BD-9C1A464616CA">
<hideElementsInCurrentOnly>false</hideElementsInCurrentOnly>
<backgroundColor>-16777216</backgroundColor>
<lineWidth>1</lineWidth>
<points>
<point x="503" y="79"/>
<point x="1066" y="79"/>
</points>
</Connector>
<Connector class="oracle.dbtools.crest.swingui.logical.TVRelation" oid="3C5BB3DB-81AE-F551-57F8-FC7C43275143" otype="Relation" vid_source="361DAF3E-E169-444F-C0A3-7750C9DE36A3" vid_target="ACD4BEF8-B9DF-7A4D-6831-6E9CC6BF969C">
<hideElementsInCurrentOnly>false</hideElementsInCurrentOnly>
<backgroundColor>-16777216</backgroundColor>
<lineWidth>1</lineWidth>
<points>
<point x="694" y="453"/>
<point x="694" y="513"/>
</points>
</Connector>
<Connector class="oracle.dbtools.crest.swingui.logical.TVInheritanceRelation" oid="4589B902-0B57-DA76-D2C3-469E59C39A28" otype="Hierarchy relation" vid_source="ACD4BEF8-B9DF-7A4D-6831-6E9CC6BF969C" vid_target="77824DD8-160A-AD01-E9E9-1DFC53C52A88">
<hideElementsInCurrentOnly>false</hideElementsInCurrentOnly>
<backgroundColor>-65536</backgroundColor>
<lineWidth>1</lineWidth>
</Connector>
<Connector class="oracle.dbtools.crest.swingui.logical.TVRelation" oid="63DD0C70-54C4-2D2B-7064-53B56713B26D" otype="Relation" vid_source="80E1A81B-AA20-6B00-7A68-A64B5E4A6E38" vid_target="FE67E79E-FB9F-2758-C7C1-461686D26F05">
<hideElementsInCurrentOnly>false</hideElementsInCurrentOnly>
<backgroundColor>-16777216</backgroundColor>
<lineWidth>1</lineWidth>
<points>
<point x="716" y="302"/>
<point x="879" y="356"/>
</points>
</Connector>
<Connector class="oracle.dbtools.crest.swingui.logical.TVRelation" oid="6D297759-5293-07F0-386B-EABCC710866F" otype="Relation" vid_source="B7BBEC73-A7A9-D3BA-1BE5-09FCC753F3E2" vid_target="FB6ACF29-5362-6D14-E2BE-DACE5026C808">
<hideElementsInCurrentOnly>false</hideElementsInCurrentOnly>
<backgroundColor>-16777216</backgroundColor>
<lineWidth>1</lineWidth>
<points>
<point x="1172" y="214"/>
<point x="1302" y="214"/>
<point x="1302" y="379"/>
</points>
</Connector>
<Connector class="oracle.dbtools.crest.swingui.logical.TVInheritanceRelation" oid="70B631B1-63E8-B827-762A-43557102AAD6" otype="Hierarchy relation" vid_source="ACD4BEF8-B9DF-7A4D-6831-6E9CC6BF969C" vid_target="566B21EB-AA05-4C66-C7F9-83765CE331D7">
<hideElementsInCurrentOnly>false</hideElementsInCurrentOnly>
<backgroundColor>-65536</backgroundColor>
<lineWidth>1</lineWidth>
</Connector>
<Connector class="oracle.dbtools.crest.swingui.logical.TVRelation" oid="79290CC4-5DB6-1CFC-F5E2-EE9148B775D2" otype="Relation" vid_source="FB6ACF29-5362-6D14-E2BE-DACE5026C808" vid_target="2BB1B423-38FA-138A-D0BD-9C1A464616CA">
<hideElementsInCurrentOnly>false</hideElementsInCurrentOnly>
<backgroundColor>-16777216</backgroundColor>
<lineWidth>1</lineWidth>
<points>
<point x="1223" y="379"/>
<point x="1223" y="140"/>
</points>
</Connector>
<Connector class="oracle.dbtools.crest.swingui.logical.TVRelation" oid="8098CD6E-295D-636B-265D-D111E5DD0081" otype="Relation" vid_source="0A20DA87-449B-D527-F134-A11819FE7E9D" vid_target="6FD2DC60-DCDB-4DF9-667E-F9145CB4FA9E">
<hideElementsInCurrentOnly>false</hideElementsInCurrentOnly>
<backgroundColor>-16777216</backgroundColor>
<lineWidth>1</lineWidth>
<points>
<point x="239" y="358"/>
<point x="156" y="358"/>
</points>
</Connector>
<Connector class="oracle.dbtools.crest.swingui.logical.TVRelation" oid="854AB7CA-818A-6906-F149-08D8E02B8218" otype="Relation" vid_source="EB21071D-EDD3-043B-2B1B-E14B003BC247" vid_target="B7BBEC73-A7A9-D3BA-1BE5-09FCC753F3E2">
<hideElementsInCurrentOnly>false</hideElementsInCurrentOnly>
<backgroundColor>-16777216</backgroundColor>
<lineWidth>1</lineWidth>
<points>
<point x="464" y="182"/>
<point x="464" y="195"/>
<point x="956" y="195"/>
</points>
</Connector>
<Connector class="oracle.dbtools.crest.swingui.logical.TVRelation" oid="8A2E69B2-5D9F-8EA4-E067-44091151B8EC" otype="Relation" vid_source="0A20DA87-449B-D527-F134-A11819FE7E9D" vid_target="CF160653-3CCE-B748-C194-7DF0342C9C66">
<hideElementsInCurrentOnly>false</hideElementsInCurrentOnly>
<backgroundColor>-16777216</backgroundColor>
<lineWidth>1</lineWidth>
<points>
<point x="288" y="330"/>
<point x="288" y="281"/>
</points>
</Connector>
<Connector class="oracle.dbtools.crest.swingui.logical.TVRelation" oid="A678CEF4-265F-B1E9-C32B-DD7B8ECD954B" otype="Relation" vid_source="0A20DA87-449B-D527-F134-A11819FE7E9D" vid_target="B6BB3A0C-39A9-C6C4-E643-4BF283386C52">
<hideElementsInCurrentOnly>false</hideElementsInCurrentOnly>
<backgroundColor>-16777216</backgroundColor>
<lineWidth>1</lineWidth>
<points>
<point x="239" y="418"/>
<point x="163" y="418"/>
</points>
</Connector>
<Connector class="oracle.dbtools.crest.swingui.logical.TVRelation" oid="A7B064E6-D7C2-7042-BB1D-98F6FA7CE069" otype="Relation" vid_source="ACD4BEF8-B9DF-7A4D-6831-6E9CC6BF969C" vid_target="B3F69894-98D9-9631-D560-68BBB1A34AA0">
<hideElementsInCurrentOnly>false</hideElementsInCurrentOnly>
<backgroundColor>-16777216</backgroundColor>
<lineWidth>1</lineWidth>
<points>
<point x="973" y="634"/>
<point x="1033" y="634"/>
</points>
</Connector>
<Connector class="oracle.dbtools.crest.swingui.logical.TVRelation" oid="AAB7F7C5-AD45-2F76-25CD-4EC7FD7BBAD6" otype="Relation" vid_source="361DAF3E-E169-444F-C0A3-7750C9DE36A3" vid_target="FE67E79E-FB9F-2758-C7C1-461686D26F05">
<hideElementsInCurrentOnly>false</hideElementsInCurrentOnly>
<backgroundColor>-16777216</backgroundColor>
<lineWidth>1</lineWidth>
<points>
<point x="715" y="386"/>
<point x="879" y="386"/>
</points>
</Connector>
<Connector class="oracle.dbtools.crest.swingui.logical.TVRelation" oid="B56E9B3E-028B-F161-1FE6-DBE741054D39" otype="Relation" vid_source="EB21071D-EDD3-043B-2B1B-E14B003BC247" vid_target="FE67E79E-FB9F-2758-C7C1-461686D26F05">
<hideElementsInCurrentOnly>false</hideElementsInCurrentOnly>
<backgroundColor>-16777216</backgroundColor>
<lineWidth>1</lineWidth>
<points>
<point x="503" y="155"/>
<point x="1202" y="155"/>
<point x="1202" y="364"/>
<point x="1057" y="364"/>
</points>
</Connector>
<Connector class="oracle.dbtools.crest.swingui.logical.TVRelation" oid="E1D7A48F-751C-A31F-317E-B9BDA49C5EFA" otype="Relation" vid_source="B7BBEC73-A7A9-D3BA-1BE5-09FCC753F3E2" vid_target="80E1A81B-AA20-6B00-7A68-A64B5E4A6E38">
<hideElementsInCurrentOnly>false</hideElementsInCurrentOnly>
<backgroundColor>-16777216</backgroundColor>
<lineWidth>1</lineWidth>
<points>
<point x="956" y="253"/>
<point x="716" y="253"/>
</points>
</Connector>
<Connector class="oracle.dbtools.crest.swingui.logical.TVRelation" oid="F81677CB-2052-1C68-620C-FB99767281C5" otype="Relation" vid_source="361DAF3E-E169-444F-C0A3-7750C9DE36A3" vid_target="0A20DA87-449B-D527-F134-A11819FE7E9D">
<hideElementsInCurrentOnly>false</hideElementsInCurrentOnly>
<backgroundColor>-16777216</backgroundColor>
<lineWidth>1</lineWidth>
<points>
<point x="491" y="387"/>
<point x="465" y="387"/>
</points>
</Connector>
<Connector class="oracle.dbtools.crest.swingui.logical.TVInheritanceRelation" oid="F8F289DA-AF00-CDE2-E7A7-36AB30DB0D32" otype="Hierarchy relation" vid_source="ACD4BEF8-B9DF-7A4D-6831-6E9CC6BF969C" vid_target="4543AECA-4E9B-B8E0-F880-FCAB4526E010">
<hideElementsInCurrentOnly>false</hideElementsInCurrentOnly>
<backgroundColor>-65536</backgroundColor>
<lineWidth>1</lineWidth>
</Connector>
</connectors>
<arcs>
<Arc class="oracle.dbtools.crest.swingui.logical.TVArc" oid="0DD5B00D-D9A2-6491-61D7-CE1230220DE4" otype="Arc" vid="D223A896-BAC9-5943-5D60-221AA63DDABA">
<hideElementsInCurrentOnly>false</hideElementsInCurrentOnly>
<bounds x="219" y="310" width="266" height="154"/>
</Arc>
</arcs>
</Diagram>
